customerid,namestyle,title,firstname,middlename,lastname,suffix,companyname,salesperson,emailaddress,phone,passwordhash,passwordsalt,rowguid,modifieddate
29485,False,Ms.,Catherine,R.,Abel,None,Professional Sales and Service,adventure-works\linda3,catherine0@adventure-works.com,747-555-0171,zh3goJUbYsPv92k4bVZuJtlLHwuvpQtu6uNcjkKSdF8=,rpyd5Tw=,392ae773-d7ec-48ac-b8d0-6e65b770285c,2009-05-16 16:33:33.077000
29486,False,Ms.,Kim,None,Abercrombie,None,Riders Company,adventure-works\jillian0,kim2@adventure-works.com,334-555-0137,4I8349R6c33cK+j1ef3dZt0JHOQ9MV7OvEXpCbwhQrQ=,rrgbG/U=,2a5aba2e-8db0-4856-a773-21d185f1679e,2009-05-16 16:33:33.077000
29489,False,Ms.,Frances,B.,Adams,None,Area Bike Accessories,adventure-works\shu0,frances0@adventure-works.com,991-555-0183,bmEI+phqLCE2jKmotM8SBAICQD2IvZEmy8X0LmUpMaw=,jA7oD80=,c353fe38-6147-40a3-944d-3736f6297b8c,2009-05-16 16:33:33.090000
29490,False,Ms.,Margaret,J.,Smith,None,Bicycle Accessories and Kits,adventure-works\david8,margaret0@adventure-works.com,959-555-0151,3cd7qJyW8ZTgRdwOO9nLYDZg2EM6lehJe/nqKlKKcPY=,i2U3DxA=,7f2d6183-6aee-4ad1-973d-f45a19b70bf7,2009-05-16 16:33:33.107000
29492,False,Mr.,Jay,None,Adams,None,Valley Bicycle Specialists,adventure-works\jillian0,jay1@adventure-works.com,158-555-0142,jCFDuqUMHmknfadTRSkMvN0IDObtE/GslvN9q2Wa5xU=,117fxZM=,7a2eb695-b6b9-48d4-bad2-bd33e8ce8ca1,2009-05-16 16:33:33.123000
29494,False,Mr.,Samuel,N.,Agcaoili,None,Vinyl and Plastic Goods Corporation,adventure-works\josé1,samuel0@adventure-works.com,554-555-0110,jt9vdIyi0zI03wECUFk1hdZLTVOqN09/Fdogi+cTeQU=,uFYBREA=,66d2dc13-4220-43b8-b2c7-131183caec34,2005-09-01 00:00:00
29496,False,Mr.,Robert,E.,Ahlering,None,Fun Toys and Bikes,adventure-works\shu0,robert1@adventure-works.com,678-555-0175,d35zXrfhsEHK6QrH/B7ipKUuuilEpY8u8rIunip5YWI=,r/UyVHY=,44e51ec2-9d0b-40cc-b725-1a3e81df9519,2007-09-01 00:00:00
29497,False,Mr.,François,None,Ferrier,None,Great Bikes ,adventure-works\david8,françois1@adventure-works.com,571-555-0128,Li26cq1s3a+0YJcgjemlepj98r5eUwJlyHGmDJnSCWI=,NVfuzjo=,eeef3c65-08f9-49c6-ae12-a2fcdedacaf5,2005-07-01 00:00:00
29499,False,Ms.,Amy,E.,Alberts,None,Valley Toy Store,adventure-works\josé1,amy1@adventure-works.com,727-555-0115,dNz/EQlgVlbj0uOpI0Y8Rh+/GFUH1HvBLJJ4pqdSDTE=,yvdbcxM=,29cd70be-d5e5-4a7a-a1d5-521bcce2193d,2006-09-01 00:00:00
29502,False,Mr.,Paul,L.,Alcorn,None,Major Sport Suppliers,adventure-works\david8,paul2@adventure-works.com,331-555-0162,UxlXfO/0JyTpelLFzbqFj9Ie1Rv1OJKPd6Cnm1itSsU=,IZ5yIjI=,f193d485-3a5a-415a-9d3e-4a5db8b4a2a0,2007-07-01 00:00:00
29503,False,Mr.,Gregory,F.,Alderson,None,Family's Favorite Bike Shop,adventure-works\garrett1,gregory0@adventure-works.com,968-555-0153,tEgc21LcZ3r2OP2nJIkrbmo2fXvbIC9npM6uzG1osbY=,IlDduMc=,76f035be-e0e4-47a9-a873-be3012b15c00,2006-08-01 00:00:00
29505,False,Ms.,Michelle,None,Alexander,None,Imported and Domestic Cycles,adventure-works\linda3,michelle0@adventure-works.com,115-555-0175,bA9fPVXpV/0NMRuGiY+zju3+/lcB2r9uBk68dG22Ddk=,M5BkDDQ=,e8ab6307-cd3c-4c36-9fe6-b5da7bbab0a1,2007-05-01 00:00:00
29506,False,Mr.,Sean,P.,Jacobson,None,Systematic Sales,adventure-works\shu0,sean2@adventure-works.com,555-555-0162,T/ASZdvX90M9kM1P5+sGBNxwkhLxF94/vJejQ6pjLiY=,jKAQI7c=,6a1a593c-5424-43a3-ac77-948f6cb19707,2007-08-01 00:00:00
29508,False,Mr.,Marvin,N.,Allen,None,Mountain Toy Store,adventure-works\jillian0,marvin0@adventure-works.com,447-555-0110,fJ1UEyRel4bt2DuzHtDUPBU44ZALMsfyxQQviNGARf8=,7wNTdi8=,273ecf85-4243-4dff-9286-ee65cefb404c,2005-12-01 00:00:00
29510,False,Mr.,Cecil,J.,Allison,None,Designated Distributors,adventure-works\josé1,cecil0@adventure-works.com,699-555-0155,steY9ge/f3jz0DNlVhxkdUx1NrciPQzyUpvtGCcoYBo=,KUNCNjU=,cf861030-dc7a-4287-8ffc-5a349bbfe08a,2005-08-01 00:00:00
29511,False,Mr.,Oscar,L.,Alpuerto,None,Bold Bike Accessories,adventure-works\linda3,oscar0@adventure-works.com,855-555-0174,P1Osji8Ez9uYQCzuZXjnutazXvhAlWDRLjCcTcJb/Ug=,CGYtmQ4=,b812bc01-6796-4b5a-9d7c-c8e7c6057799,2005-08-01 00:00:00
29515,False,Mr.,Maxwell,J.,Amland,None,Serious Cycles,adventure-works\garrett1,maxwell0@adventure-works.com,614-555-0134,8/5CuOyL4qEu4tD2KEd4x1h5OahPfcmZg9L7+F0ATDI=,qoGU2YA=,bbc286a2-31cf-406b-86a0-584c1c48e171,2005-08-01 00:00:00
29517,False,Ms.,Ramona,J.,Antrim,None,Novelty Bikes,adventure-works\michael9,ramona0@adventure-works.com,327-555-0148,CkSWR0RMQArXpZJnpZgCnzSPuw3PUh/1jTmWPcrjYyM=,7xa5oqo=,40035342-3797-4f30-af6c-9c56fc31315a,2007-08-01 00:00:00
29521,False,Mr.,Tom,H,Johnston,None,Brightwork Company,adventure-works\shu0,tom1@adventure-works.com,883-555-0177,WonAzK7XRDoFn66D6qVMzma60dA96LHtk2lz7a28mI4=,0lp7vWg=,c1e8581a-065b-42e4-a934-71fad25cfb80,2005-08-01 00:00:00
29522,False,Mr.,Thomas,B.,Armstrong,Jr.,Resale Services,adventure-works\linda3,thomas1@adventure-works.com,226-555-0146,8ml/xroz0hroeUDl/KW2y2QlIIgHgygotLw0Md60cBY=,hXYQBis=,4862835c-7661-41fb-9745-80f275b9723a,2005-08-01 00:00:00
29523,False,Mr.,John,None,Arthur,None,The Gear Store,adventure-works\jillian0,john6@adventure-works.com,149-555-0113,AJwPH2IQhCHW77xtUnJh0G0EXqA11PsPLRRuSQK+K9U=,ZXH0EUg=,7d7d6d52-79e3-4ce4-9f68-2d8b6bf4854d,2005-08-01 00:00:00
29524,False,Mr.,Chris,None,Ashton,None,Immense Manufacturing Company,adventure-works\jillian0,chris3@adventure-works.com,556-555-0145,wGKQ72A4aSsDe2tQKUY1T1o0i/AO69PqKcMSFIponoQ=,3VRtZxg=,7901ec05-a4c0-49e4-ac89-9118b3b5ec8b,2007-08-01 00:00:00
29525,False,Ms.,Teresa,None,Atkinson,None,Extended Bike Sales,adventure-works\linda3,teresa0@adventure-works.com,129-555-0110,t+VbX7JvYz3GISo+HPpubYQr00RQKJLNqOx1dQdMKCc=,bwG1Wck=,ad907f95-dd96-4d69-a8d0-c72f64203cca,2005-09-01 00:00:00
29527,False,Mr.,Robert,A.,Avalos,None,Workout Emporium,adventure-works\josé1,robert2@adventure-works.com,665-555-0198,V09BZHvbhAXD4fluXDexe9/89mGNsFPrGa/5NMiJBRU=,3lDpoDs=,36702d8c-0756-4b16-b0da-8c97103d8b90,2007-09-01 00:00:00
29528,False,Mr.,Stephen,M.,Ayers,None,Work and Play Association,adventure-works\michael9,stephen1@adventure-works.com,818-555-0171,m79YsPy3BDp4/SUQsvNcbTQuyZxUGV9TuBeHcAHjZCk=,F0hRcQ8=,82c1fbd9-e2a5-4cd2-b07c-fe803b57b0c9,2006-09-01 00:00:00
29530,False,Mr.,Daniel,None,Blanco,None,Nice Bikes,adventure-works\garrett1,daniel0@adventure-works.com,221-555-0167,bnDkCXU7YCA05COiVJst0pMlaJtfAK0H8pgniBfLooM=,oOIbGSo=,ea3d7fc9-b1d0-4d83-8b1d-f47cca131b0b,2006-09-01 00:00:00
29531,False,Mr.,Cory,K.,Booth,None,Remarkable Bike Store,adventure-works\linda3,cory0@adventure-works.com,121-555-0157,OfvFj11NFlpVFhEacTp7Nw+8EqwxHKIv9aJ+2ZgcUMI=,XaJdIYM=,75d00aa7-752f-41c9-9c5d-899e8e3061bd,2005-12-01 00:00:00
29532,False,Mr.,James,B.,Bailey,Jr.,Road-Way Mart,adventure-works\david8,james3@adventure-works.com,234-555-0112,ZRFnYyY0jR0KxF7thOVIbZAFk+RsH+WO0kvZDRTup2Y=,4TnK5Fo=,c5aae356-0b32-4293-b09f-656ee3b5c04f,2006-10-01 00:00:00
29533,False,Mr.,Douglas,A.,Baldwin,Jr.,Small Cycle Store,adventure-works\michael9,douglas1@adventure-works.com,583-555-0130,9lHdXDAUHUKcA9bEprsps9C8mGNyVVPQ36yJe1BxrWw=,TmbNGeI=,83de2678-7dbc-4b56-9ec6-682ce7652ff3,2005-07-01 00:00:00
29535,False,Mr.,Wayne,N.,Banack,None,Grand Bicycle Stores,adventure-works\jillian0,wayne0@adventure-works.com,640-555-0189,W6e3zjP9/VTWIVDfWOJ7/sdwfvSP0qPkcRJ1pTa249I=,mv8CSkM=,772bac57-52af-492a-97da-30ec59dac03b,2006-09-01 00:00:00
29536,False,Mr.,Robert,L.,Barker,None,Kickstand Sellers,adventure-works\michael9,robert3@adventure-works.com,241-555-0112,q8JpThg+EEoLRrvqBMW+Wa0RbFcCIfVIzYcGGELEOdk=,cdUS/K4=,8aa94321-8937-4950-aa00-504988e0a124,2006-12-01 00:00:00
29539,False,Mr.,Josh,None,Barnhill,None,Gasless Cycle Shop,adventure-works\garrett1,josh0@adventure-works.com,584-555-0192,bskaXdzyt3OUpHetBO/IcD+SDhG5EyMDjtlYBlgd5JM=,m3KdhOo=,69df26ec-38fb-4588-ae26-5987edccabf2,2005-08-01 00:00:00
29541,False,None,Gytis,M,Barzdukas,None,Transportation Options,adventure-works\josé1,gytis0@adventure-works.com,257-555-0119,muiJ85PHJTw5ocOM+yS+gq+w8REzzCOfzXZNFyDZniI=,lUNnQso=,6048ea4a-07f5-4fc6-9638-878f76822941,2005-11-01 00:00:00
29544,False,Mr.,Shaun,None,Beasley,None,Finer Cycle Shop,adventure-works\garrett1,shaun0@adventure-works.com,396-555-0187,zrx5RFbPSu5mxzlRdxbDIH2wSdDS9S9OvSavFh1QHUA=,XjtM78E=,a9a96153-f3f1-4049-872e-592b6e674bc3,2006-08-01 00:00:00
29545,False,Mr.,John,A.,Beaver,None,Center Cycle Shop,adventure-works\pamela0,john8@adventure-works.com,521-555-0195,DzbqWX7B3EK5Dub92CKHYSUGKGbZCbrcVDpVe/xyBeI=,zXNgrJw=,38dc2574-509c-4f65-b73a-68187f11b787,2007-04-01 00:00:00
29546,False,Mr.,Christopher,R.,Beck,Jr.,Bulk Discount Store,adventure-works\jae0,christopher1@adventure-works.com,1 (11) 500 555-0132,sKt9daCzEEKWAzivEGPOp8tmaM1R3I+aJfcBjzJRFLo=,8KfYx/4=,228a34a5-66ef-4a18-bef2-be74beb84191,2006-09-01 00:00:00
29548,False,Ms.,Ann,None,Beebe,None,First-Rate Outlet,adventure-works\garrett1,ann0@adventure-works.com,277-555-0169,l3pyVEyTaWqsF1xRfSXtR2CgCOfOXQCSumdlzqMKLxQ=,BX3pcB8=,00cfdbc0-cdd2-4436-b0ae-dd248f4e4371,2005-08-01 00:00:00
29550,False,Mr.,Stanley,A.,Alan,Jr.,Another Bicycle Company,adventure-works\david8,stanley0@adventure-works.com,156-555-0126,uzR3iWUJwdMRenhBxExmLfmCRPenWgwazHnSEPDbzb8=,kj/7VTw=,2b89c6ed-7f4e-4986-9408-38528091d899,2007-09-01 00:00:00
29553,False,Ms.,Edna,J.,Benson,None,Unsurpassed Bikes,adventure-works\jillian0,edna0@adventure-works.com,789-555-0189,POpWTovMrdUJmLS24NDBdrrY5tasoVlQod5uB56k4YM=,Jx6w2tk=,f7267a9a-0db3-4a74-a652-a23ec874ab11,2007-09-01 00:00:00
29554,False,Mr.,Payton,P.,Benson,None,Field Trip Inc,adventure-works\michael9,payton0@adventure-works.com,528-555-0183,FnBp23EtjoS2hj7nCcr9a76vZjNvQ+/WT/5vyYyKG5o=,TYGH50Q=,3a972eed-6db6-47ec-963c-c52c7e256b82,2005-11-01 00:00:00
29557,False,Mr.,Alexander,J.,Berger,II,Odometers and Accessories Company,adventure-works\garrett1,alexander0@adventure-works.com,519-555-0151,xGCe2CsXuZvX8e6v4sTb/+XoU+4gWDQEnJADwhDsrhg=,ns1gQU4=,2be64ff5-7723-44d0-86e2-2affd80b0281,2007-09-01 00:00:00
29558,False,Mr.,John,M.,Berger,Jr.,Scratch-Resistant Finishes Company,adventure-works\josé1,john10@adventure-works.com,156-555-0111,0J6cl9Zhm+g4rbqJrvyshZWF72arbVNptT27ZL2QTMc=,2Ugh6Q4=,2c9dd7e4-7832-4954-87d2-94461d750bb1,2005-08-01 00:00:00
29559,False,Mr.,Robert,M.,Bernacchi,None,Safe Cycles Shop,adventure-works\david8,robert4@adventure-works.com,449-555-0176,uNz2P7Jd7t3y2Neqi3NsRS7m0blEPSm/j3sOdXpJ7aw=,G5Du9Sw=,f21a8178-0e5b-4e88-94ae-1d46914cb020,2006-09-01 00:00:00
29560,False,Mr.,Matthias,None,Berndt,None,Number 1 Supply,adventure-works\shu0,matthias1@adventure-works.com,384-555-0169,PGmZaBbqtByrVs9jYLcigdjJ5O29jcKmsdbRwANU3WQ=,6Mzfp8w=,add0cc30-6294-45cf-87fb-8e27833fb38c,2006-08-01 00:00:00
29562,False,Mr.,Steven,B.,Brown,IV,Golf and Cycle Store,adventure-works\shu0,steven1@adventure-works.com,280-555-0124,S9Kf7AXqY19C/4rLMHjUwO+5Yh7mMhaPsuouZxizDpg=,Hp2yS7E=,a1427a83-0d0c-4541-8823-42dfe2838756,2005-09-01 00:00:00
29565,False,Mr.,Jimmy,None,Bischoff,None,World Bike Discount Store,adventure-works\linda3,jimmy1@adventure-works.com,992-555-0111,lbduPisVeIU+cP9cYQejSE4m0OPZJifKl9/E7GrrAyo=,BJUetfg=,271b27d9-e905-4fce-bd85-c9c4184e3e9e,2005-07-01 00:00:00
29566,False,Ms.,Mae,M.,Black,None,Historic Bicycle Sales,adventure-works\michael9,mae1@adventure-works.com,264-555-0143,qiRmTStKEBxzfmlGc6Ig0CWYVsQnN0PQGgmTEAyux7g=,Zg4TO0Q=,2a455d51-93b4-4bd7-82f3-832a1264bca1,2005-07-01 00:00:00
29567,False,Ms.,Jackie,E.,Blackwell,None,Commuter Bicycle Store,adventure-works\josé1,jackie0@adventure-works.com,972-555-0163,wqhgKfOTfef4Zo3cb6FwsFzvG/yCVstuYh3AuwjRszQ=,SZ+r60o=,d8cb0e62-2423-4521-b8e1-0488855775a1,2007-08-01 00:00:00
29568,False,Mr.,Donald,L.,Blanton,None,Coalition Bike Company,adventure-works\shu0,donald0@adventure-works.com,357-555-0161,pKYDelLBOZMO98GBzhMxBSzzE0gUYKx9dXzYTYNuBgw=,jKtOaOw=,d8b39163-b4b4-428d-acd7-1df795d801dc,2006-09-01 00:00:00
29569,False,Ms.,Linda,E.,Burnett,None,Travel Systems,adventure-works\jillian0,linda4@adventure-works.com,121-555-0121,23AwhujCoXYSPiN/B+G8Z9rk36xl35EbdLT7akTMTqU=,SmyIPjE=,eb9d1cec-596e-4775-ad51-abd597a2679a,2005-08-01 00:00:00
29570,False,Mr.,Michael,Greg,Blythe,None,Grease and Oil Products Company,adventure-works\jillian0,michael11@adventure-works.com,126-555-0172,5QCj8NIegcVaNIwAHhbulqzIKzgsgpVptbr8vMjvY9Q=,8L4g3I4=,ce40d69c-5141-4b37-921f-749c22722b9f,2005-07-01 00:00:00
29571,False,Ms.,Gabriel,L.,Bockenkamp,None,Moderately-Priced Bikes Store,adventure-works\pamela0,gabriel0@adventure-works.com,763-555-0145,hW0+tFeNNdvPsnKDuHc6OmH0bCdD2kCfpU6qVvIjdPs=,fjVy+G4=,0a854f09-fbe8-4bf2-bd46-7a6180cb96d0,2005-08-01 00:00:00
29573,False,Sr.,Luis,None,Bonifaz,None,Economy Bikes Company,adventure-works\linda3,luis0@adventure-works.com,688-555-0113,fOnF7T/vMnI6uJzH1IxN9lcM8z31odelgSIW9Vu8sD4=,dz8Ej6A=,473731ff-4260-43fd-9bae-decee582420e,2006-09-01 00:00:00
29574,False,Mr.,Randall,None,Boseman,None,Third Bike Store,adventure-works\jillian0,randall0@adventure-works.com,383-555-0117,UsXZ9ElCaZBo0YED9A2khFNGjNK+8yHdxnraI+OHsZ8=,oMeb83g=,b4a76396-2351-4b5b-8fee-18f97d6fe030,2006-09-01 00:00:00
29576,False,Mr.,Eli,None,Bowen,None,Bikes for Two,adventure-works\josé1,eli0@adventure-works.com,371-555-0143,lQBr+SJMfQdHmj/GHgx+x1PKMKtwLGbiInwVTo+4Qfo=,7P8PxcQ=,19e3ad5c-caa8-41f6-9781-d56c651b4133,2006-09-01 00:00:00
29577,False,Mr.,Lester,J.,Bowman,Sr.,Metal Processing Company,adventure-works\garrett1,lester0@adventure-works.com,844-555-0112,+CFHIbYlE+nsmSbCpJOTLZXChbtYA9JzdSnd1Qejk5g=,w7ec7iI=,d6567177-9aec-400b-9097-f3f33124242a,2005-09-01 00:00:00
29579,False,Mr.,Cornelius,L.,Brandon,None,Initial Bike Company,adventure-works\shu0,cornelius0@adventure-works.com,229-555-0114,fftjn+fbjvHFJ4bf7rTpLdlCHv61xF+y0ZPKKevQV98=,OzSaq2k=,af37ebff-fe33-4cc9-8141-e0d4594f50e2,2006-09-01 00:00:00
29580,False,Mr.,Richard,None,Bready,None,Latest Sports Equipment,adventure-works\david8,richard1@adventure-works.com,340-555-0131,kOabrc0OqOISR4N3D3FZkOh3yAKQCF/ozSx7G00Kpt0=,jpRF8lY=,041c42b9-857b-4b3f-b314-3bf29999ad48,2005-07-01 00:00:00
29582,False,Mr.,Ted,None,Bremer,None,Raw Materials Inc,adventure-works\pamela0,ted0@adventure-works.com,962-555-0166,mBQHYK00pq9+tDgH7TR6fPrrYQ2drX7/VuuHgkUSOiQ=,MxiyX14=,3ea30aea-3c37-4450-a3ad-97ea44b21ff6,2005-08-01 00:00:00
29583,False,Mr.,Alan,None,Brewer,None,Lots of Bikes Storehouse,adventure-works\jillian0,alan1@adventure-works.com,494-555-0134,t9ecYoVIOcEiyXvl+noHoCymcRlJij1fzZzXfKeZ/R0=,6ZoXk8E=,63797367-055a-48fc-97c0-2c4d8573585e,2005-11-01 00:00:00
29584,False,Mr.,Walter,J.,Brian,IV,Futuristic Bikes,adventure-works\shu0,walter0@adventure-works.com,163-555-0155,NN11OHHxrOm6r8lPyhXuBk13QMD+8tph5PIdJ4t0JmY=,PiILPfc=,bd077add-f8f5-471c-a5fd-31a61303f41f,2006-09-01 00:00:00
29585,False,Mr.,Christopher,M.,Bright,None,Parcel Express Delivery Service,adventure-works\david8,christopher2@adventure-works.com,162-555-0166,jIw8zSChmDX3xmVInKUV46U77LBgW9C5vlIMvK4NqF8=,J9DNyhU=,11e65e98-1980-4d9f-a6c0-a6dd2885b673,2005-11-01 00:00:00
29587,False,Mr.,John,R.,Brooks,None,Prosperous Tours,adventure-works\jae0,john12@adventure-works.com,1 (11) 500 555-0179,7cimopKXrRxK/+QAEW4WJ+XGTEEJvTsX0l1QxCAWQI0=,C4OiUF4=,8916316f-55e7-453e-9c82-f59b5fc32913,2006-07-01 00:00:00
29588,False,Mr.,Willie,P.,Brooks,Jr.,Nonskid Tire Company,adventure-works\pamela0,willie0@adventure-works.com,525-555-0174,HKBXG8BXKW53RK2DsPsqNDV7PdDSavcncjD1t/rdW18=,dS1y3X0=,deb25f8c-1d9f-442a-b686-6a505de0c1bf,2005-11-01 00:00:00
29590,False,Mr.,Jo,None,Brown,None,Metro Bike Works,adventure-works\michael9,jo2@adventure-works.com,689-555-0130,KZaaqy2YCpxZaXM7rzYJyuNkw9w+wWoUaL5P6Jdyzpk=,T2lZOPo=,7e529a97-2b5c-4339-883f-3eccfb85e411,2006-08-01 00:00:00
29591,False,Mr.,Robert,None,Brown,None,Best o' Bikes,adventure-works\jillian0,robert5@adventure-works.com,575-555-0189,WdS3xcgtqW4nnV7dyZ17PmiMPZ5vKs5whm3ANBVQ1sQ=,mQK+bIw=,74aa6608-703f-4f37-a447-bbf9879c0d4f,2007-07-01 00:00:00
29593,False,Ms.,Mary,K.,Browning,None,Client Discount Store,adventure-works\jillian0,mary5@adventure-works.com,658-555-0146,ChGbWjf0h+VNc991cHR4FwJMGxeHxuYSeKVPflcq7wc=,dt/JUB4=,c610f872-6183-4d98-ada3-e3a5b1a3588d,2006-08-01 00:00:00
29596,False,Mr.,Eric,J.,Brumfield,None,Requisite Part Supply,adventure-works\josé1,eric3@adventure-works.com,644-555-0114,pd7lPYE+Gn7QnX4l6aMxG6WiRZGpPVsBcJ1kBpXl7pc=,MAOhXKA=,a6172f3e-c548-45cb-b1d7-79ca27ac267b,2005-07-01 00:00:00
29598,False,Mr.,Michael,None,Brundage,None,Mechanical Products Ltd.,adventure-works\shu0,michael13@adventure-works.com,128-555-0148,Ioh5Ss2cXrUAI8DZcSkQ/z92aEmHE0Wxqc6MdggjJQE=,MjQeaAE=,5411839c-daa1-4827-a995-1856c8217de2,2006-08-01 00:00:00
29599,False,Ms.,Shirley,R.,Bruner,None,Commendable Bikes,adventure-works\david8,shirley0@adventure-works.com,383-555-0155,haGTwCpR1pahJRX/490ASvk+bkWOZv828Z8Krd0XO50=,Jmtgb40=,985b33bb-5eb3-4cba-87fb-250f05471374,2006-07-01 00:00:00
29600,False,Ms.,June,B.,Brunner,None,Online Bike Sellers,adventure-works\michael9,june0@adventure-works.com,249-555-0172,V74x3qYKzA71fWSI3y7gFD552b65vQ+acGzI6wdBsQ4=,hY2Xf6o=,2e9e3d6c-f361-49dd-885f-95e36bcdd2a2,2006-09-01 00:00:00
29601,False,Mr.,Dirk,J.,Bruno,None,Custom Accessories Company,adventure-works\garrett1,dirk0@adventure-works.com,817-555-0114,XaEqG3bH0NhFTn8IBCk4SidcF444Tnvqqr5UjGUiN7E=,DblcZuo=,18bcb5d4-14fb-4af6-a8c2-af791b677f6c,2006-08-01 00:00:00
29603,False,Sra.,Janaina Barreiro Gambaro,None,Bueno,None,Courteous Bicycle Specialists,adventure-works\josé1,janainabarreirogambaro0@adventure-works.com,476-555-0184,VC5UG8CPRifGAgItWSWIpplMzshRj9HJwWt6KBvEFk0=,aNoO9K0=,c8099813-1f08-41c6-8567-025cab01f0fa,2007-09-01 00:00:00
29605,False,Ms.,Megan,E.,Burke,None,Professional Cycle Store,adventure-works\shu0,megan0@adventure-works.com,148-555-0149,/96oQfFuq06DWi8P5TZqIU/tF2E/GKRMliIjGRWKRDE=,9P3dKrM=,216795c5-fbc9-4cff-8ce3-2400e7679fa6,2006-07-01 00:00:00
29606,False,Ms.,Karren,K.,Burkhardt,None,Fifth Bike Store,adventure-works\david8,karren0@adventure-works.com,652-555-0132,ho3bUU87fZAlity/45XvFPVE/DgEaLKvI+ZW1e56rnA=,x1JqF8M=,3cef570c-26dd-478e-9f28-015037841ee2,2005-07-01 00:00:00
29608,False,Mr.,Timothy,B.,Burnett,Jr.,Farthest Bike Store,adventure-works\josé1,timothy0@adventure-works.com,251-555-0172,lYPMOabTmO7waFR155ZAm1jDwBg6VW2xrT6sZ1yxPio=,e8KtQ70=,eee846be-2edc-4353-bcec-756c9bc94ac1,2007-08-01 00:00:00
29611,False,Mr.,Jared,L.,Bustamante,None,Alternative Vehicles,adventure-works\pamela0,jared0@adventure-works.com,164-555-0147,HpDMv2bnK4/qDUMQn8+csux9vDdycGo7vFyJ5y4Vh/Q=,NbybY4k=,76d4bbbd-3474-487b-9090-20f86ff81608,2005-11-01 00:00:00
29612,False,Mr.,Richard,A.,Byham,None,Channel Outlet,adventure-works\jae0,richard2@adventure-works.com,1 (11) 500 555-0138,adQ3TmZB28FhQvF2FntW1RInx5S+aOSvwpURQDLarr8=,KoBtEoU=,768148e4-4d17-4b9b-86ca-76f5122fc107,2007-09-01 00:00:00
29614,False,Mr.,Ryan,None,Calafato,None,Retail Mall,adventure-works\josé1,ryan1@adventure-works.com,726-555-0155,7zHYCWMhkitUJXggqG0dMfCqyK0FBDp/XwCeyPYWZ1A=,DBuWFZ4=,1722be43-305b-4275-8863-f6d54343f12a,2005-07-01 00:00:00
29615,False,Ms.,Mari,B.,Caldwell,None,Metro Metals Co.,adventure-works\jae0,mari0@adventure-works.com,1 (11) 500 555-0118,1tbKzsdwFfEX1T/OP+I5Eu7EVKuWn2FviChJGtlaeQI=,x8xILbE=,c7e5d895-eaba-4cc6-a7ab-50b8569541d3,2007-08-01 00:00:00
29616,False,Ms.,Barbara,J.,Calone,None,Sheet Metal Manufacturing,adventure-works\jillian0,barbara2@adventure-works.com,145-555-0152,W+klFtJ6V2H2UQK1pJdYy2MEbai2eYSHD0QGx02rFw8=,8iuXJ0k=,21df3ff8-0a8f-434b-9290-e562b7da6dca,2006-08-01 00:00:00
29617,False,Ms.,Lindsey,R.,Camacho,None,Thorough Parts and Repair Services,adventure-works\pamela0,lindsey0@adventure-works.com,827-555-0143,6puEloqDRSg8AhINyUQ7qORZUS5CON8jUaFikiprWVo=,bhH3VWU=,96e154eb-8f02-4651-a117-5e248685341d,2005-08-01 00:00:00
29618,False,Sr.,Gustavo,None,Camargo,None,Uttermost Bike Shop,adventure-works\jae0,gustavo1@adventure-works.com,1 (11) 500 555-0118,+hCthjbuE+VctSZXuurfmfusjXPrneMHQFQLVjTsnuE=,fS7eEaQ=,89be0fa2-162c-400d-9d8b-f2e557242088,2006-08-01 00:00:00
29620,False,Ms.,Joan,M.,Campbell,None,Two-Wheeled Transit Company,adventure-works\josé1,joan0@adventure-works.com,700-555-0155,hKb4COq5+4SAW8APMfmPmILk4cdhwtpjpD7Yx8xcx9U=,eVaIdvY=,a2268d9a-2511-43c3-95cc-d7de094109f1,2005-08-01 00:00:00
29622,False,Mr.,Henry,L.,Campen,None,Metro Cycle Shop,adventure-works\david8,henry0@adventure-works.com,635-555-0126,sk3ylc8GdTAWxH2DM4cy8rLkoHXK7tIeMWUl3VNm+Bk=,2NEGr8A=,ea5ea0f8-67b9-4d47-9d52-220f951fc446,2005-09-01 00:00:00
29623,False,Mr.,Chris,None,Cannon,None,Outdoor Sporting Goods,adventure-works\shu0,chris5@adventure-works.com,118-555-0131,RKimtgGoqQN8dj2KGy7mvo2DrpTK0yOpF9e6sgxyOTU=,LQWSses=,e9b77812-22b3-427a-8a5a-ea8275ed7b21,2007-07-01 00:00:00
29625,False,Ms.,Suzana De Abreu,A.,Canuto,None,Petroleum Products Distributors,adventure-works\josé1,suzanadeabreu0@adventure-works.com,990-555-0141,aQhg/A43Nq3pqIBjcyPBvjQ7qXHAckVwm6FjAZCx0nc=,RpQyjlA=,6e7dd825-a7cd-439e-bc06-7c90aacbc553,2007-09-01 00:00:00
29627,False,Mr.,Johnny,A.,Caprio,Jr.,Bikes and Motorbikes,adventure-works\garrett1,johnny0@adventure-works.com,112-555-0191,jtF9jBoFYeJTaET7x+eJDkd7BzMz15Wo9odbGPBaIak=,wVLnvHo=,50aea181-60f3-4b91-bc52-238b7cf7a9db,2006-08-01 00:00:00
29629,False,Mr.,Carlton,M.,Carlisle,None,Camping and Sports Store,adventure-works\josé1,carlton0@adventure-works.com,193-555-0116,GJhY98QoDTRmv/6f6RcLwoj2v33jAZopR8AjLor/sqc=,fYgdeM0=,2b0cf9c8-2517-4763-99e1-324422df67e1,2007-09-01 00:00:00
29631,False,Ms.,Jane,N.,Carmichael,None,Rural Department Store,adventure-works\shu0,jane0@adventure-works.com,716-555-0167,ZIXjFmD2T/Gf9bPHIkx7X82eU+I86/8p3rmYxWqwtkQ=,BUBjqIQ=,88b75a1f-858d-4750-a864-717f49a2de10,2007-07-01 00:00:00
29632,False,Ms.,Jovita,A.,Carmody,None,Sports Commodities,adventure-works\david8,jovita0@adventure-works.com,646-555-0137,d3uGruCihzt7+Dipsh3+fE3iZd/uKCf8sy56xa5chxU=,zmqmiAQ=,b162868c-2ca6-4ff6-9dd0-6fa6c03d1b99,2005-09-01 00:00:00
29635,False,Mr.,Rob,None,Caron,None,Responsible Bike Dealers,adventure-works\jillian0,rob2@adventure-works.com,620-555-0117,yaVIQNTOMlDFxsn08drJdHoPTkydd5XKkeBgAPyVGbk=,v43cndI=,77fdc952-805b-4997-8363-ede49a55d31f,2006-09-01 00:00:00
29636,False,Mr.,Andy,None,Carothers,None,Western Bike Supplies,adventure-works\shu0,andy1@adventure-works.com,944-555-0148,Q0MU0NsjDAbnQSqMBkP9Sm4G43DKXcirOnAKlzYSYnI=,DZ8e0Xk=,625f2b1d-2f34-4020-88b8-032310645b2e,2006-07-01 00:00:00
29637,False,Ms.,Donna,F.,Carreras,None,Advanced Bike Components,adventure-works\jillian0,donna0@adventure-works.com,279-555-0130,LNoK27abGQo48gGue3EBV/UrlYSToV0/s87dCRV7uJk=,YTNH5Rw=,df795c3f-bc55-4362-b8ad-3a4dcdcb2ff5,2005-09-01 00:00:00
29638,False,Ms.,Rosmarie,J.,Carroll,None,Aerobic Exercise Company,adventure-works\linda3,rosmarie0@adventure-works.com,244-555-0112,OKT0scizCdIzymHHOtyJKQiC/fCILSooSZ8dQ2Y34VM=,ihWf50M=,3611a221-a20a-463a-ac19-265db991ccc0,2007-09-01 00:00:00
29639,False,Mr.,Joseph,N.,Castellucio,None,Corner Bicycle Supply,adventure-works\josé1,joseph1@adventure-works.com,180-555-0114,NLAR7H8spiCb/C0qY+3qkJm3VuoSOqDw7yspRc1CTTg=,Whn5BXY=,16864fbf-49c0-46ca-ac6c-530eb20cad1b,2005-09-01 00:00:00
29641,False,Mr.,Raul,E.,Casts,None,Westside Plaza,adventure-works\shu0,raul0@adventure-works.com,362-555-0162,NghLMnHjoD3F7B0y8sTtYlpCq5imhhvrn56YUAUNEm4=,68RH5og=,bd94e4f9-a355-4cda-8988-9d7b91637f13,2007-07-01 00:00:00
29643,False,Mr.,Matthew,J.,Cavallari,None,Outstanding Cycles,adventure-works\david8,matthew1@adventure-works.com,695-555-0161,I5oNRDKehZnUlVTunv+30kLR3rM7VyVA2vJyu6CNveI=,beKST+I=,0396a776-c530-4f99-87da-ff732f486d85,2007-08-01 00:00:00
29644,False,Ms.,Brigid,F.,Cavendish,None,Vigorous Sports Store,adventure-works\jae0,brigid0@adventure-works.com,1 (11) 500 555-0178,20rlqqjWOPLBi7oYKBrHMzouHcYl6OknJcV+yc0zQKo=,QS6UTS4=,d28aa7e1-f125-44ad-a121-544332c2254f,2006-09-01 00:00:00
29645,False,Mr.,Andrew,None,Cencini,None,Sports Merchandise,adventure-works\pamela0,andrew2@adventure-works.com,644-555-0111,Eo1pvctUvdkRpUgGHwOfILlh5uZiYuLv+eBXLj1viR8=,LCi+QgQ=,0ab26819-705b-44ad-8b7d-514be2632220,2007-09-01 00:00:00
29646,False,Ms.,Stacey,M.,Cereghino,None,Fitness Toy Store,adventure-works\jillian0,stacey0@adventure-works.com,351-555-0131,u/IE2VGaycl6iSw+8Es0ro5F6g//TK/eJA3ICMBHXmc=,n+71V7I=,f21027ce-0506-4eb6-98d6-6d4e08f7087e,2005-07-01 00:00:00
29649,False,Mr.,Pat,A.,Chambers,None,General Cycle Storehouse,adventure-works\garrett1,pat1@adventure-works.com,127-555-0124,cTcQEsZdQPvGLuu5iDRwrqp4fM6oBxNFi+X7anqqPzA=,bvb6hus=,895ced36-42b7-44e8-a1e4-81ae5f721a37,2005-09-01 00:00:00
29650,False,Mr.,Forrest,J.,Chandler,None,Fitness Cycling,adventure-works\shu0,forrest0@adventure-works.com,448-555-0179,QHqQuKTbipj1cJzbCkCMH+zQGE09jtToYi9uy0cv77E=,KOGA0IE=,0ba6ec0d-0b9f-4b40-ae69-3079a9ef9b22,2007-07-01 00:00:00
29651,False,Mr.,Lee,J.,Chapla,None,Good Bike Shop,adventure-works\jillian0,lee0@adventure-works.com,223-555-0184,yRB9ce1nhQby11wW4ZjaqdAHLcagnHeelEySfrDOivk=,af0s25U=,50f790e6-1c54-49d1-a0bd-687a3e381c28,2005-09-01 00:00:00
29653,False,Mr.,Pei,None,Chow,None,Thrilling Bike Tours,adventure-works\linda3,pei0@adventure-works.com,789-555-0184,UVTWGfYZBU+ZmXLqhvqZFDwYXdtX14O87KHOHN36XDc=,pI/k4Qw=,16ffb394-535a-428d-aa61-96863a7ac191,2007-09-01 00:00:00
29654,False,Mr.,Yao-Qiang,None,Cheng,None,This Area Sporting Goods,adventure-works\jillian0,yao-qiang0@adventure-works.com,344-555-0181,3LD/Jab7lP6gIPvK5EdTnwhHBo+dxs3y9GbIgmN6E8Q=,BG6Ps64=,f92ce3ca-13dd-4e50-b882-8ca0cc320dcb,2006-07-01 00:00:00
29655,False,Ms.,Nicky,E.,Chesnut,None,Full-Service Bike Store,adventure-works\michael9,nicky0@adventure-works.com,264-555-0164,weDREfIdFEInQXlEuUK3AjoRiqGR7g2cJQHBZ1BT5xw=,ggpF1Og=,a456fe6e-dffd-4bb0-9585-abd9229194f8,2005-09-01 00:00:00
29659,False,Ms.,Ruth,A.,Choin,None,Genuine Bike Shop,adventure-works\jillian0,ruth1@adventure-works.com,273-555-0181,ZJ2widMDceVmN30pfgwzpo2Z53AGVrr2LIlFccG4KEc=,BuagBic=,293f44d5-8949-4fd0-9337-ddacd20fd948,2005-09-01 00:00:00
29660,False,Mr.,Anthony,None,Chor,None,Extreme Riding Supplies,adventure-works\linda3,anthony0@adventure-works.com,429-555-0145,8C7859RNaDWPJkDaaxgaJaZPSf7ikFyFa//RYOz0aPo=,tAAs8Fk=,e24193f1-f5df-481e-ac1a-bab86bd72c54,2007-09-01 00:00:00
29662,False,Ms.,Jill,J.,Christie,None,Fleet Bikes,adventure-works\linda3,jill1@adventure-works.com,927-555-0198,Vlb2fj7yW2d5JtfPLZvbicsQNEgLhh0b93Uw2pLEBuE=,2cMmc9Y=,e4665260-d5a1-4b3d-b727-09407fd598f1,2006-08-01 00:00:00
29663,False,Ms.,Alice,None,Clark,None,Local Hardware Factory,adventure-works\jillian0,alice1@adventure-works.com,221-555-0141,ZZhnNULC5d/7tZv0hUtCl4jKwgyZql8aSrIzlTaTvg0=,hGHOthw=,e7da5db3-117a-49f9-a4c7-4d24d1fb75bf,2006-09-01 00:00:00
29666,False,Ms.,Jane,None,Clayton,None,South Bike Company,adventure-works\garrett1,jane1@adventure-works.com,206-555-0195,o02Imw+gyZX9J1yiTBKYD4M5XlerPqz3usX+v3CsDHA=,PZCGT2g=,d59815ec-776c-403f-ab1f-90712bbad966,2007-08-01 00:00:00
29668,False,Ms.,Connie,L.,Coffman,None,Discount Bicycle Specialists,adventure-works\jillian0,connie0@adventure-works.com,426-555-0181,Wkqdm53a0uim7B/e9+IT0I81uzxMNnh1FBaeXd3nyP0=,3tT/ffQ=,02628723-f551-4361-a033-76c438616397,2005-11-01 00:00:00
29671,False,Mr.,Pat,None,Coleman,None,Machines & Cycles Store,adventure-works\garrett1,pat2@adventure-works.com,292-555-0128,61UcbVZnGT5eqxs0oFMv4JyipeaQCUZgUZkPgtVNBDo=,7+I+4k4=,1d66e73c-e136-417f-af0b-ac224d8a7aa3,2007-07-01 00:00:00
29673,False,Mr.,John,L.,Colon,None,Two Wheels Cycle Store,adventure-works\linda3,john14@adventure-works.com,397-555-0144,9HEZAYB77VjHRd83ZDP94/ugDP0PhvUiIRCi3Cl5y7A=,j6Z6ny8=,82ff1aac-744a-447d-87d6-7fac7c2baf89,2005-09-01 00:00:00
29674,False,Mr.,Scott,A.,Colvin,None,Westside Cycle Store,adventure-works\jillian0,scott1@adventure-works.com,119-555-0144,4QoOmH+4/mabhuXqIQnoVm+1MjvTYyAHid9vpNehSxs=,sA8S2v4=,f786cfb2-375c-4669-befc-42832c09f36a,2005-12-01 00:00:00
29677,False,Mr.,William,J.,Conner,None,Urban Sports Emporium,adventure-works\josé1,william1@adventure-works.com,383-555-0111,GZyRS1qyQMxNWXYf0B1uj2nyQjhk4oN+Qv3geEMUy5A=,94SS2WQ=,55c0550f-92f6-49bf-a5f9-b88fbf037b04,2006-08-01 00:00:00
29680,False,Ms.,Dorothy,J.,Contreras,None,Sixth Bike Store,adventure-works\josé1,dorothy0@adventure-works.com,428-555-0176,NEJS/vq9oswLdLNa4VH0fbwb+fgxDYIHg2hPP1fn7t4=,lnEeim8=,e81efe51-e6d6-4178-822b-280bef4a62e6,2005-08-01 00:00:00
29682,False,Mr.,Scott,None,Cooper,None,Vehicle Shop,adventure-works\shu0,scott2@adventure-works.com,773-555-0182,BEePqLIHwU7zsFCJQcHQ8OGm8nkvUlj8YPFAT/teYOc=,+v0uddA=,6e0d2d51-9957-4449-a625-2f1493a0419e,2005-10-01 00:00:00
29683,False,Ms.,Eva,None,Corets,None,First Department Stores,adventure-works\david8,eva0@adventure-works.com,542-555-0164,vcqabvDo1Fnle8WElVwwEwNwCGZKfSJvDCUVyps/SuQ=,gF7bPbY=,f5594fbf-d2e8-4d1d-a522-a5f003470401,2006-07-01 00:00:00
29684,False,Mr.,Marlin,M.,Coriell,None,Grand Sport Boutique,adventure-works\michael9,marlin0@adventure-works.com,941-555-0155,mWVOfXPZkIFZzQA0Ilekhl49LfhS31vdOtYEmBKSIkk=,FSkdXTM=,e2e14d3c-c100-4541-ad38-9cd1bb8c7b9a,2006-08-01 00:00:00
29686,False,Mr.,Jack,None,Creasey,None,Distinctive Store,adventure-works\shu0,jack2@adventure-works.com,539-555-0182,ao0Wb4hq67DVVcZYX2vO/mOgiZoTtJMBJzi4/wt8mrE=,7wlaV4Y=,6f023446-d4c3-43eb-9ad2-1dce20948111,2005-09-01 00:00:00
29688,False,Mr.,Grant,None,Culbertson,None,Handy Bike Services,adventure-works\michael9,grant1@adventure-works.com,859-555-0173,nkkvhNgGMBN5JS2w3ewyvV4KCwrTMYC4+yoS/4hIUok=,fqDHYeo=,d60ae47b-4a9f-44b5-a7ae-3d1091040242,2005-08-01 00:00:00
29689,False,Mr.,Scott,None,Culp,None,Friendly Bike Shop,adventure-works\david8,scott3@adventure-works.com,119-555-0167,Xf7AJHcry+LouddJR3dIGHjo8du8EO+214E81gPafj0=,rXx8clQ=,afd514c0-d0b3-4dfe-a637-ba1622fae8a1,2006-07-01 00:00:00
29690,False,Mr.,Conor,None,Cunningham,None,Fashionable Bikes and Accessories,adventure-works\shu0,conor0@adventure-works.com,115-555-0113,/yVQQacXlcqZVH6x20kKCxCJ+sP4EjmPQXwwwInfNH0=,vJ/AcXo=,bfaddee5-d70c-4325-9c87-34d99c449391,2005-09-01 00:00:00
29692,False,Mr.,Thierry,None,D'Hers,None,Citywide Service and Repair,adventure-works\josé1,thierry1@adventure-works.com,680-555-0192,i+ukExAQLOnEpQFQLme/QYR8w6kME+/MdykXoSxwgFI=,FooiQMs=,f5589ef1-277f-449e-a042-71571b86449a,2006-07-01 00:00:00
29695,False,Ms.,Megan,N.,Davis,None,Rugged Bikes,adventure-works\david8,megan1@adventure-works.com,839-555-0198,G6BHmDa5WKyDUTzHeOszC8XHrN8wPjUM76UTZb39tWc=,BNNUWH4=,27b23835-1295-4527-8fb5-fca7d91a4c8f,2007-09-01 00:00:00
29696,False,Sr.,Alvaro,None,De Matos Miranda Filho,None,Principal Bike Company,adventure-works\shu0,alvaro0@adventure-works.com,551-555-0155,BrhebOErAX2tbZ1LZxAb8hwE96ZdIjikETxIsIKfpLw=,v5pJpw0=,c7cbb299-403e-4c27-bac7-ab690cb7891a,2006-09-01 00:00:00
29698,False,Mr.,Jacob,N.,Dean,None,Finer Riding Supplies,adventure-works\josé1,jacob0@adventure-works.com,767-555-0151,afWrNdx+a97zBy+NoV2h3JgMyfVCLmD1FMz7OiwtBRQ=,KVVlFXY=,68d9d7f4-4e7c-4752-ab9f-ef90cfedb111,2005-08-01 00:00:00
29699,False,Mr.,Alexander,J.,Deborde,None,Neighborhood Store,adventure-works\garrett1,alexander1@adventure-works.com,394-555-0176,QC+He1HXF5uNbU5XqduVyZW0SlvdnAE2jhuD/06ukjE=,Uifpoxw=,719c6825-24a8-4982-8cf6-e7886c4983e7,2006-08-01 00:00:00
29702,False,Ms.,Aidan,None,Delaney,None,Paint Supply,adventure-works\jillian0,aidan0@adventure-works.com,358-555-0188,6lcVqEc4gGgfW6DsOks/KuDIWIP5qFsrc8sXtmcwj6E=,DKu7/UM=,0836cdf2-523b-40c5-a491-f9e5d3736333,2005-09-01 00:00:00
29703,False,Mr.,Stefan,None,Delmarco,None,Preferred Bikes,adventure-works\linda3,stefan0@adventure-works.com,819-555-0186,9rOycZRxDntXWB8Y/285x4HS6G2ATNOzhqIhF+oBGqc=,BsI2IB4=,5a341978-f3d1-4812-bf75-eb00ca9682e3,2005-08-01 00:00:00
29705,False,Ms.,Della,F.,Demott Jr,None,Rewarding Activities Company,adventure-works\garrett1,della0@adventure-works.com,752-555-0185,oR9ACW0ZX4v6zBa57CfhePKM1qmHjgDwNdGaTDAp4io=,966Lz4w=,52e54e40-7914-4340-b5d8-f460753f849d,2005-08-01 00:00:00
29708,False,Mr.,Prashanth,None,Desai,None,Stationary Bikes and Stands,adventure-works\jillian0,prashanth0@adventure-works.com,138-555-0156,AT0SeSL9gTlDL0/MHFMEy5GrEjR12DBF5ag/cyHZpJY=,l32Vf08=,633e70bb-508f-45a9-9e1b-94afd9513a01,2005-09-01 00:00:00
29709,False,Ms.,Bev,L.,Desalvo,None,Successful Sales Company,adventure-works\pamela0,bev0@adventure-works.com,143-555-0113,j42zXyaSRc55aauqsJrhWZdZBGkW64qaL1hO1tdgdQk=,5dgYmOY=,139742bf-9980-4d0a-9a76-1e8c9701504b,2006-09-01 00:00:00
29710,False,Ms.,Brenda,None,Diaz,None,Downtown Hotel,adventure-works\shu0,brenda2@adventure-works.com,147-555-0192,84meSWqxRT9guwZSihzP3MYe7UV2VaMLBldOf8pTy5A=,lsd099Q=,a37a4f71-12a9-4055-bca8-c18b79098af1,2005-09-01 00:00:00
29711,False,Ms.,Gabriele,None,Dickmann,None,Certified Sports Supply,adventure-works\josé1,gabriele0@adventure-works.com,835-555-0116,6eApe0lB1ZkvyJB3Uo3LaYGV8sm2/NE9fUHXM7a0RYU=,M8SoIWU=,b34df238-e77e-4832-8184-487f0321f98f,2005-09-01 00:00:00
29713,False,Mr.,Dick,None,Dievendorff,None,Rampart Amusement Company,adventure-works\jae0,dick1@adventure-works.com,1 (11) 500 555-0193,dI9bbaCIElCUwy2PYLUYLNIrdM9yCcuTmHspqw8Wsxc=,FihOX8w=,31d75de8-5f8d-4513-ab55-4269d29baffd,2007-08-01 00:00:00
29714,False,Mr.,Rudolph,J.,Dillon,Sr.,Sundry Sporting Goods,adventure-works\josé1,rudolph0@adventure-works.com,722-555-0169,hynkaEM/LxC86JGG4q4AGgiar6iWoIu5bLVB3gFq2RM=,DUDd/5g=,df3fedce-e229-4ee7-8f01-402c29b7187f,2005-09-01 00:00:00
29716,False,Mr.,Blaine,None,Dockter,None,Farthermost Bike Shop,adventure-works\shu0,blaine0@adventure-works.com,156-555-0187,9E6RJtJrsu2iqMbyKMJRaVfPipCW5XObegb3KE3K85M=,hiSI26I=,803d1cd3-8c99-48f1-945b-85edbe393af8,2005-08-01 00:00:00
29717,False,Ms.,Cindy,M.,Dodd,None,Suburban Cycle Shop,adventure-works\david8,cindy0@adventure-works.com,706-555-0140,C7FdyTzpzS44mEsqgDG4s8S3CZJtl+yiy9sH4rEI9VY=,M4cce8o=,3e2c8bed-d9a3-43e1-88c9-d99bb37decf2,2005-08-01 00:00:00
29719,False,Ms.,Patricia,None,Doyle,None,Racing Bike Outlet,adventure-works\david8,patricia0@adventure-works.com,899-555-0134,oNLvRmGCzEz1jsW8aIhOPt/9GVbikzcIYiqMuMKtrYw=,ZeNva8s=,d839e525-0420-4ff9-858f-8226eabe8c70,2006-11-01 00:00:00
29720,False,Mr.,Gerald,M.,Drury,None,Utilitarian Sporting Goods,adventure-works\shu0,gerald0@adventure-works.com,169-555-0178,Jlxkjapdo78bvTdzddS8yoUxcj6pyFuXwdsCGn6KHvI=,ClRPyyM=,780cc0a0-5f32-4a54-9cf9-bd4e6090bf69,2007-09-01 00:00:00
29722,False,Mr.,Reuben,None,D'sa,None,Vigorous Exercise Company,adventure-works\josé1,reuben1@adventure-works.com,916-555-0137,EVeayvYSlWRfySd2RBGRSr93ST2Me+VDyAoD44WBrrg=,jj5f+ZA=,68396e18-907f-4cd5-a5f8-84d7969dac11,2005-09-01 00:00:00
29727,False,Mr.,Bart,None,Duncan,None,Stock Parts and Supplies,adventure-works\david8,bart0@adventure-works.com,539-555-0121,NJJTfbDws96bPa7Giz9Mmq+M0NSYcjlcfwpjsUnYWdE=,MPxWTOU=,ca138a8b-0d82-45b4-92e2-4de3a3fdc2f6,2007-08-01 00:00:00
29728,False,Mr.,Maciej,None,Dusza,None,Roadway Supplies,adventure-works\shu0,maciej1@adventure-works.com,962-555-0144,v404bp5zCcIyJO+s50eW4MbBxBjjkDQJe5ee5fvwBKI=,pDYvCjw=,e7fb711f-ac12-408a-a6f1-8af3428ddacb,2005-11-01 00:00:00
29730,False,Ms.,Linda,R.,Ecoffey,None,Future Bikes,adventure-works\josé1,linda5@adventure-works.com,674-555-0188,zM1odbx2eTJoH556dXSIqTCDa5EBj8DWUSHVo67GEGc=,Q5U1IZU=,651c8184-9bf1-4a57-982d-e0f35e06fcea,2006-12-01 00:00:00
29732,False,Ms.,Carol,B.,Elliott,None,Satin Finish Company,adventure-works\jillian0,carol2@adventure-works.com,847-555-0151,TIOaZdFb/aFk03gncvEijaflLdTkxJfJnFJXXZdBDds=,PavVqD4=,6515368a-c51e-4b53-858f-377067379799,2006-08-01 00:00:00
29733,False,Ms.,Shannon,P.,Elliott,None,Regional Manufacturing,adventure-works\shu0,shannon0@adventure-works.com,425-555-0158,GgQkc8evqVQZvWwqG9L+QxrK0lzeuCIX4JIe535eQ8Y=,2HvuG3I=,e8f81644-1d44-4d25-9756-5897e20fbaae,2005-09-01 00:00:00
29734,False,Ms.,Jauna,E.,Elson,None,Original Bicycle Supply Company,adventure-works\josé1,jauna0@adventure-works.com,185-555-0190,CkyI2hpILZNVv06ClZJ5hmNstcWHJxU+3sqIAEO7AbM=,bsrg3KE=,789f3cee-056d-48cb-8805-1f69b61d020f,2005-07-01 00:00:00
29736,False,Mr.,Terry,None,Eminhizer,None,Action Bicycle Specialists,adventure-works\jae0,terry1@adventure-works.com,1 (11) 500 555-0176,y8RaWYkfTrcpFEipLXAyKC2pL8AJgQhpW2mOmZ8sqF4=,vx5Ko/Q=,2252470b-71f6-4077-a744-613525a2df0d,2007-09-01 00:00:00
29737,False,Mr.,John,None,Emory,None,Roadway Bike Emporium,adventure-works\pamela0,john16@adventure-works.com,691-555-0149,EXyX+Acbgfz6Y4iZ9KNW4TsmchGMdgjtJqmn+Xu2Mws=,/4/gh8A=,31f1935f-6c9a-43d7-8308-4ee7cd05ac56,2007-07-01 00:00:00
29738,False,Ms.,Gail,None,Erickson,None,Sleek Bikes ,adventure-works\jillian0,gail1@adventure-works.com,834-555-0132,yV4p9H28cp19QO/bcSjLxZFYAs22W5SR9HnmTXUEWkM=,qUowBt4=,45670ee4-0a61-4029-bb82-cbf857d17c3f,2007-09-01 00:00:00
29739,False,Mr.,Mark,B,Erickson,None,Retail Sporting Equipment,adventure-works\shu0,mark2@adventure-works.com,962-555-0112,pDvvWVr112kWGzoRmRsd4CgPPnyLtAEQGoYHe7Q65PM=,zYqZHNo=,230503e0-1713-45af-ab88-e424cb7ee88f,2006-09-01 00:00:00
29740,False,Ms.,Martha,R.,Espinoza,None,Price-Cutter Discount Bikes,adventure-works\josé1,martha0@adventure-works.com,753-555-0179,pGBoWobCmo+yyzVgDnZL5z3fgTKLorCbJuofCkwniGs=,ZFXGiMU=,ae422ea0-d7c2-4804-8e11-3354822a72ae,2005-09-01 00:00:00
29741,False,Sra.,Janeth,None,Esteves,None,Central Bicycle Specialists,adventure-works\jae0,janeth1@adventure-works.com,1 (11) 500 555-0136,X1Y5qQtF/cCa0JcWV87/0KfmpSje5R9/RdWM+fyB7Go=,+iF/Sqs=,7d8c6b41-4d65-4f2c-ab91-5fce276b5bf5,2007-09-01 00:00:00
29742,False,Ms.,Twanna,R.,Evans,None,Vast Bike Sales and Rental,adventure-works\pamela0,twanna0@adventure-works.com,554-555-0124,357SDpcamaYl8SbrrrNR4GmwYLlfdnZvJy645g6uNIw=,5hdHSeE=,6e7eb054-ab8e-4f7b-9b94-36010b817829,2005-08-01 00:00:00
29743,False,Ms.,Ann,R.,Evans,None,Summer Sports Place,adventure-works\jillian0,ann1@adventure-works.com,252-555-0127,DLW2IAbnBTdpl45F2NtNmotuCcasAhlznF/e4eBbffs=,r8MY8Co=,e67fff84-4c4b-4da1-becb-f9d46c8532f0,2006-09-01 00:00:00
29744,False,Mr.,John,None,Evans,None,Real Sporting Goods,adventure-works\shu0,john17@adventure-works.com,581-555-0172,zI7V47DGDDCr+5PUQzccWY8u8MazpHxzT0wB13+8m50=,Pz84Lbs=,05b8af66-8ab7-4deb-9a8b-55f5be12e0cf,2006-07-01 00:00:00
29747,False,Ms.,Carolyn,None,Farino,None,The Bike Shop,adventure-works\david8,carolyn0@adventure-works.com,957-555-0125,jnz8GF/glxwiqqdUVHkoV+53Mp1HOnFR/azWzJ80Ktc=,qwoGYjU=,6da910ef-e6f8-438d-ab3c-82725c41bc6d,2005-07-01 00:00:00
29748,False,Ms.,Geri,P.,Farrell,None,Safe Toys,adventure-works\shu0,geri0@adventure-works.com,329-555-0183,Wc/TlRg7q92tTI8Njp2Ivs8eKIRej8TfabwOQYYybe8=,anxKyOc=,a33442c5-66e8-4fe6-8956-df59e10c31fc,2005-09-01 00:00:00
29750,False,Ms.,Rhoda,J.,Finley,None,Our Sporting Goods Store,adventure-works\josé1,rhoda0@adventure-works.com,920-555-0191,q1tCJRWRCSt1/VrADrMeQkLwbHjw1LlGOdVX8DLaYoM=,83MFiok=,6abbcf8f-46d6-4643-938f-f36ceacd4385,2006-09-01 00:00:00
29753,False,Ms.,Kathie,None,Flood,None,Coho Sports,adventure-works\david8,kathie1@adventure-works.com,627-555-0192,UA0N5pHkC4DZZ4xHgqJohcC+5L3JnoaegTulnb1lrhA=,WGizZm8=,f9fee375-1e4c-433f-ba88-6289a7572081,2006-08-01 00:00:00
29755,False,Ms.,Kelly,None,Focht,None,Quick Delivery Service,adventure-works\garrett1,kelly0@adventure-works.com,272-555-0123,xU8UixWEoFZ9PDzLfFA3AiuIaKPV9Z2ALf/Kbpu51Zo=,E7joL4U=,470125b0-0659-4794-a945-6f726920c983,2005-09-01 00:00:00
29757,False,Mr.,Garth,None,Fort,None,Basic Sports Equipment,adventure-works\linda3,garth0@adventure-works.com,768-555-0125,M2NMXJ5k9IJ7AKmryPzUhZqIMVsjJHs5P2voDCVEbsc=,sQuHPto=,f90748ff-6a57-4a62-80d9-bdb134e1408d,2005-08-01 00:00:00
29758,False,Ms.,Dorothy,J.,Fox,None,Cash & Carry Bikes,adventure-works\jillian0,dorothy1@adventure-works.com,191-555-0198,s7Q4rdzaHWhqJHdZ05GB5VHh1eeVXQopPtyTvqSdehM=,GQqIg64=,2fe3a6ba-4d59-4bce-83fc-98a8471dab30,2006-09-01 00:00:00
29761,False,Ms.,Susan,E.,French,None,General Bike Corporation,adventure-works\garrett1,susan3@adventure-works.com,994-555-0194,bdpqUxwvIpfkW2ApgaplNkwQ17fOA3rjtmM6B9f2qYE=,MO+/tX0=,c994cd65-ac9d-4560-909c-6f2090a516ff,2005-07-01 00:00:00
29763,False,Mr.,Mihail,None,Frintu,None,Retail Cycle Shop,adventure-works\linda3,mihail1@adventure-works.com,777-555-0163,0drckP/Xt0FMU29UWCYFp/wxtTBNd5PxmzaxMM5VKYc=,hxyAApA=,4611605f-4d45-4dd1-80fd-b418fe4af0ba,2006-09-01 00:00:00
29764,False,Mr.,John,None,Ford,None,Social Activities Club,adventure-works\jillian0,john19@adventure-works.com,596-555-0153,Uu7MYSoXZONPT3nnOss6MamCI0JtQpdQ0lHxfbTXg2s=,MFN+Ar8=,9eabc427-1257-4628-8beb-88a9990a601c,2005-08-01 00:00:00
29765,False,Mr.,Paul,J.,Fulton,None,Blue Bicycle Company,adventure-works\michael9,paul3@adventure-works.com,492-555-0146,kdhlX1CwoRb+G+IbaNr94q5wH+aDau5he+dsV5sbuXw=,HfBhcWQ=,97c380b3-7ccf-4e10-8d3f-2f0734c9ab0a,2006-08-01 00:00:00
29766,False,Mr.,Bob,None,Gage,None,General Riding Supplies,adventure-works\garrett1,bob1@adventure-works.com,962-555-0175,SeCchhGjoFaNiCwjURJ30XSE9lKCbSxUL9tDtRrg1FU=,hZbeVTs=,9efb3752-7f40-4e64-b9e2-383a6df6aefa,2007-02-01 00:00:00
29768,False,Mr.,Michael,None,Galos,None,Riding Excursions,adventure-works\linda3,michael15@adventure-works.com,912-555-0149,Wwwn13Huxc1/wSvPmlYH5pXoqz1XUDSzAdavDQcyTKk=,x+UpoXE=,c5614f21-602e-49e6-9021-b405be529b46,2006-01-01 00:00:00
29769,False,Mr.,Jon,None,Ganio,None,Unique Bikes,adventure-works\jillian0,jon0@adventure-works.com,672-555-0112,bWjEPINRmvLEbxP7M/s7AJTqpJenlAkq34rNVCEXqpc=,+Yo0P+0=,8c81dd5f-ea36-47b0-a5f1-7583bc5dabc2,2005-09-01 00:00:00
29770,False,Ms.,Kathleen,M.,Garza,None,Rural Cycle Emporium,adventure-works\josé1,kathleen0@adventure-works.com,150-555-0127,Qa3aMCxNbVLGrc0b99KsbQqiVgwYDfHcsK9GZSUxcTM=,Ls05W3g=,7b3994cc-51c3-4c0a-9665-3a3d71f85677,2006-09-01 00:00:00
29771,False,Mr.,Dominic,P.,Gash,None,Associated Bikes,adventure-works\shu0,dominic0@adventure-works.com,192-555-0173,ZccoP/jZGQm+Xpzc7RKwDhS11YFNybwcPVRYTSNcnSg=,sPoUBSQ=,281316f0-4fa6-42fd-8b3a-b532b38a7f84,2006-07-01 00:00:00
29772,False,Ms.,Janet,M.,Gates,None,Modular Cycle Systems,adventure-works\jillian0,janet1@adventure-works.com,710-555-0173,ElzTpSNbUW1Ut+L5cWlfR7MF6nBZia8WpmGaQPjLOJA=,nm7D5e4=,949e9ac8-f8f6-4f7f-ba2d-87187ac56919,2006-07-01 00:00:00
29773,False,Mr.,Orlando,N.,Gee,None,A Bike Store,adventure-works\pamela0,orlando0@adventure-works.com,245-555-0173,L/Rlwxzp4w7RWmEgXX+/A7cXaePEPcp+KwQhl2fJL7w=,1KjXYs4=,b956a64d-040c-4230-ac9b-b927f7dd1ba7,2005-08-01 00:00:00
29774,False,Mr.,Darren,None,Gehring,None,Journey Sporting Goods,adventure-works\jillian0,darren0@adventure-works.com,417-555-0182,kqptixZ7LqTuOKcc7ylpabWrgWr5BDXa2fpkDxEwaCY=,Xe7grug=,244b87ff-cd2f-4993-913e-685bfc4add83,2005-08-01 00:00:00
29775,False,Mr.,Jim,None,Geist,None,Two Bike Shops,adventure-works\pamela0,jim1@adventure-works.com,724-555-0161,cvqeC4fJcKwJ9jlluiWvK5/MyuSi8neLnjFDGdvzJy4=,ot8WcXk=,a305bdd1-9295-4f69-9d6f-44df37b99e21,2006-09-01 00:00:00
29776,False,Ms.,Barbara,J.,German,None,Cycles Wholesaler & Mfg.,adventure-works\jae0,barbara4@adventure-works.com,1 (11) 500 555-0181,2Pyd3S3Os61yt+lfSjMgSDNwT1LL4Qs51m1ob42We40=,Jvsxxrg=,94389425-d35b-4f7b-a116-ca067050b8d5,2007-07-01 00:00:00
29778,False,Mr.,Leo,None,Giakoumakis,None,Number One Bike Co.,adventure-works\jae0,leo0@adventure-works.com,1 (11) 500 555-0169,x78xcW0FvKo3V2RvMGf37bcWhb50vMZ22IuaZcu+qmM=,abrUsFg=,6acc4810-dddf-4202-9daa-8261b2ffe2c6,2006-07-01 00:00:00
29780,False,Mr.,Frances,J.,Giglio,None,Standard Bikes,adventure-works\josé1,frances1@adventure-works.com,692-555-0136,Vf9lyf+xKSbSXq9yAcMEF9niZm29wvPV9e9dU9sYQVc=,6ansEQA=,cb6d6a16-6722-457b-94bf-03f5cac268a3,2006-08-01 00:00:00
29781,False,Mr.,Guy,None,Gilbert,None,The Bicycle Accessories Company,adventure-works\shu0,guy0@adventure-works.com,583-555-0198,YMhZzdS3NtxXPsz/PPksfdYWIvhuoemim9KoDsx20cg=,rQoQs38=,68835187-35c9-4c57-a0cf-cb9eb2e713d7,2006-09-01 00:00:00
29782,False,Ms.,Janet,J.,Gilliat,None,Active Systems,adventure-works\jillian0,janet2@adventure-works.com,521-555-0183,TYrGU6N0naplzEIsTHgR53UnASh8dXOYxTYOdOrI6Fo=,k1FFTeE=,a96f3b09-7114-4335-93b5-35463f4d4063,2006-07-01 00:00:00
29783,False,Ms.,Mary,M.,Gimmi,None,Futuristic Sport Distributors,adventure-works\shu0,mary6@adventure-works.com,149-555-0196,mcO7vvh7FSdCS9FFgyEhwIHXKbrBkeYmcgksFie8Jzk=,S640434=,805255fb-6c18-45ae-88f3-c70d3d9f04cd,2006-07-01 00:00:00
29784,False,Ms.,Jeanie,R.,Glenn,PhD,Big-Time Bike Store,adventure-works\shu0,jeanie0@adventure-works.com,669-555-0149,JFHzZpLu5HeGe//DMA9vbqFc0yeYRjrW7ItGAnDHMhk=,dUASILc=,45f0a45d-6ec0-4f4c-a5ab-00b128af62fd,2006-08-01 00:00:00
29785,False,Ms.,Diane,R.,Glimp,None,The Showroom,adventure-works\josé1,diane3@adventure-works.com,898-555-0137,kz7kmFKpPYor30M8eaO3PAziuYa/bYqwcKomnP2NlxU=,s9kzXNA=,0c3ef14a-932c-45f0-8b28-5867136c07ba,2005-11-01 00:00:00
29787,False,Mr.,Scott,None,Gode,None,Year-Round Sports,adventure-works\david8,scott4@adventure-works.com,164-555-0145,GkzDDuB6pTaET7MyM3Kpgh+sP0JyO6EvZnbS4ep3kEg=,3CEircg=,1a5a9944-00ed-40b0-8193-1cc44ecc390a,2005-08-01 00:00:00
29788,False,Mr.,Mete,None,Goktepe,None,The New Bike Store,adventure-works\linda3,mete0@adventure-works.com,637-555-0120,cIKsu790VaU1891IzLoO2agtT2vvaOXkL3puAV90Zro=,7erbA0k=,32d1fab8-b86b-4c09-8140-e169af24850c,2005-12-01 00:00:00
29789,False,Mr.,Brian,R,Goldstein,None,Primary Bike Distributors,adventure-works\garrett1,brian4@adventure-works.com,495-555-0161,Pe7m3z2RtNe4D8mkkCKh3/WPMsONB78YR1Kip5zJwzs=,x4UseEA=,30b8d273-0502-4641-aabd-ff4097f0b9d1,2005-08-01 00:00:00
29792,False,Ms.,Abigail,J.,Gonzalez,None,Genial Bike Associates,adventure-works\jillian0,abigail0@adventure-works.com,121-555-0139,h5QUx4zv/ilF+lJ6Pgsyd5OP92KaOJDXklOB6qbWskk=,kAdG4pM=,656b9f38-ec67-459a-b467-e2119d0504d0,2006-08-01 00:00:00
29793,False,Mr.,Michael,None,Graff,None,Commercial Sporting Goods,adventure-works\shu0,michael16@adventure-works.com,132-555-0150,NRM1BXnt0/4EDaPuM5qday+BOZANEisKCyGGQqJxXpY=,ewV5lII=,07beba09-2ceb-434b-a9a5-eb864c0e88d2,2006-09-01 00:00:00
29794,False,Mr.,Derek,None,Graham,None,Wholesale Parts,adventure-works\josé1,derek0@adventure-works.com,674-555-0187,FJJVccEFyVV8NubSxOFblRtnKqQD221f9AT9xxYTOUA=,8ju6sOA=,672d41a8-2f15-474a-ad2f-934e2bda6a4b,2005-08-01 00:00:00
29796,False,Mr.,Jon,None,Grande,None,Riding Cycles,adventure-works\jae0,jon1@adventure-works.com,1 (11) 500 555-0114,26rwIeR9oyfo+P6lodeASP/MAC2/tdKFbmFVC5uBRmA=,83inWt0=,a580dd97-441a-4cf8-9d9e-7e1ebe6cec43,2007-09-01 00:00:00
29797,False,Ms.,Jane,P.,Greer,None,Metro Manufacturing,adventure-works\josé1,jane2@adventure-works.com,737-555-0163,gCWE10xc3haq9E82Ksvg2GS6WBBD0H0ZF25YAS0CfJ8=,qxbTTkE=,c96f6ac7-eece-4218-8b74-8607255f5cf9,2006-08-01 00:00:00
29799,False,Mr.,Douglas,None,Groncki,None,Locks Company,adventure-works\shu0,douglas2@adventure-works.com,385-555-0140,J9nhrWh6kpc/dGBkN7HRxrrbquy1Rit9UMPv9rbYjBs=,KiAAI5M=,93813c3c-ddbd-4cea-814d-2aeae1483709,2007-09-01 00:00:00
29800,False,Mr.,Brian,None,Groth,None,Latest Accessories Sales,adventure-works\david8,brian5@adventure-works.com,461-555-0118,tbk7TwAC5jsqEhFRRIhnL9kPBoTy3XS+EjlReKVp5mw=,hpOsvJU=,f9c425cc-9dc8-468c-ac9d-6d7170c46cac,2006-08-01 00:00:00
29803,False,Ms.,Hattie,J.,Haemon,None,Greater Bike Store,adventure-works\josé1,hattie0@adventure-works.com,141-555-0172,RLemw98UkhyklI9z6Kx01t3fpE6z6E9v5GdRReTdOIY=,8n38uVg=,de649d6b-0f40-4170-a584-4af87df50083,2005-09-01 00:00:00
29805,False,Ms.,Erin,M.,Hagens,None,Distant Inn,adventure-works\shu0,erin1@adventure-works.com,244-555-0127,92Sfw/bl0dUJO9SAfoKn452VJcstSo2lgAbSPk97nRA=,8soIcx8=,3e2cc8af-269e-4554-b536-c3cf0e8e8995,2006-07-01 00:00:00
29806,False,Ms.,Betty,M.,Haines,None,Finer Mart,adventure-works\david8,betty0@adventure-works.com,867-555-0114,Q/nGAVzOO1ZT/4+BQ1kwltqQyzycLA2GGmDmBBxLMnM=,6IvcbVg=,1dfc1abb-ac04-4940-8882-2231b67208fa,2007-09-01 00:00:00
29807,False,Mr.,Bryan,None,Hamilton,None,Cross-Country Riding Supplies,adventure-works\josé1,bryan2@adventure-works.com,344-555-0144,ftRWIIT4oF+if+ddn1ROYXHw6PAooKFX3uALZ0uEU98=,IRNPDIw=,0f507872-3457-4bcc-b201-fa56cb4eac34,2005-08-01 00:00:00
29809,False,Mr.,Kerim,None,Hanif,None,Bike World,adventure-works\shu0,kerim0@adventure-works.com,216-555-0122,d0WSjosAd7Y3XOWjNAkoTClCb50vwPuAawOSI1iosgs=,33g5co8=,d1453537-6387-4312-b6a9-6ff3688b074a,2006-09-01 00:00:00
29810,False,Ms.,Jean,P.,Handley,None,Central Discount Store,adventure-works\david8,jean1@adventure-works.com,582-555-0113,o1GVo3vExeNzo0/ctdRGf2eDK3uzTlcUbr18tN+Slf8=,uMsvfdo=,9a2fc10a-6b58-4b39-8bf9-da3abe5d58fa,2005-09-01 00:00:00
29813,False,Ms.,Katherine,None,Harding,None,Sharp Bikes,adventure-works\josé1,katherine0@adventure-works.com,926-555-0159,uRlorVzDGNJIX9I+ehTlRK+liT4UKRgWhApJgUMC2d4=,jpHKbqE=,7fda6311-55eb-4f2b-adeb-050332bfac56,2005-08-01 00:00:00
29815,False,Mr.,Lucy,None,Harrington,None,Metropolitan Sports Supply,adventure-works\shu0,lucy0@adventure-works.com,828-555-0186,KJqV15wsX3PG8TS5GSddp6LFFVdd3CoRftZM/tP0+R4=,cNFKU4w=,83810b74-5bad-481c-9035-12cd5124f5d5,2006-09-01 00:00:00
29816,False,Mr.,Keith,None,Harris,None,Progressive Sports,adventure-works\david8,keith0@adventure-works.com,170-555-0127,YPdtRdvqeAhj6wyxEsFdshBDNXxkCXn+CRgbvJItknw=,fs1ZGhY=,e10291da-b850-451c-9a22-dd4e1dba22cc,2006-08-01 00:00:00
29818,False,Mr.,Roger,None,Harui,None,Brakes and Gears,adventure-works\linda3,roger0@adventure-works.com,774-555-0133,tkI9EcizphWPzkz7kDwsd2AnKnZJi3/6+V5/fIuXPpo=,sQMfTfM=,a57036d7-1e64-41df-9ff5-da7340a9eac5,2005-08-01 00:00:00
29819,False,Ms.,Ann,T.,Hass,None,The Accessories Store,adventure-works\jillian0,ann2@adventure-works.com,713-555-0168,lykTZ3vUjtqvW669XVLX3Gk9RrV2EBdorSOkebEHyvk=,M7xYGr4=,6980c636-0e9d-41ce-8fbd-3b07afc1a681,2006-08-01 00:00:00
29822,False,Mr.,James,B.,Haugh,Jr.,Family Cycle Store,adventure-works\garrett1,james8@adventure-works.com,763-555-0120,qqWGyjPy74GLpFoYkhe3eQutrmixkWZkZHsl5d0mZpI=,TfeFfy4=,efdb88d8-c3b7-4f83-ac33-1e85ae65d6b9,2006-09-01 00:00:00
29824,False,Ms.,Brenda,F.,Heaney,None,Superb Sales and Repair,adventure-works\garrett1,brenda3@adventure-works.com,393-555-0167,RxykMRRwPRGYqzudPUFD1TKUT1bvgYanY1nsGIvL0Jo=,KnmJUbs=,491a2969-9914-4234-8c1d-9f0349f02c55,2005-07-01 00:00:00
29826,False,Mr.,John,None,Hanson,None,Countryside Company,adventure-works\linda3,john20@adventure-works.com,107-555-0117,2stwPzsfBnHlWJSw7+jrEjtXjaoxVkBMOVsluOUNpog=,zNDLlSI=,2c442176-e8ea-4613-a237-308e90e8a387,2006-10-01 00:00:00
29827,False,Ms.,Valerie,M.,Hendricks,None,First Bike Store,adventure-works\jillian0,valerie0@adventure-works.com,859-555-0140,M5s53K3R8LqDXmLZX8/YZWvhkKuUo3dkpcmAFuw6d8U=,1lkXMps=,e62a4e9f-ff47-419b-9a27-54b849611f87,2005-07-01 00:00:00
29830,False,Mr.,Kari,None,Hensien,None,General Department Stores,adventure-works\garrett1,kari0@adventure-works.com,143-555-0129,9q51LeEZWFDB+L+DtlRs239EjYmK9mN+eUjUvqLToLw=,niDlQYk=,6bb1b29f-7821-4344-ad8f-6d0ea72ff6e4,2005-08-01 00:00:00
29831,False,Ms.,Irene,J.,Hernandez,None,Operational Manufacturing,adventure-works\garrett1,irene0@adventure-works.com,790-555-0197,3A2aNKKLe47G95cy27tMj6HW1ov3nLIR530SWR/vrZ4=,uJ5Exxo=,89a6dc5e-0d18-43ef-b959-232f9599df30,2008-06-01 00:00:00
29832,False,Mr.,Jésus,None,Hernandez,None,Online Bike Warehouse,adventure-works\josé1,jésus0@adventure-works.com,214-555-0145,oQESLWRzzA7xFmx/oeIwJrVckc/0dzUxgBru6ptUjqA=,Y/Ty5LA=,b6cc3146-ffe6-49a6-9d8e-1879ef993bf4,2006-09-01 00:00:00
29834,False,Ms.,Cheryl,M.,Herring,None,Small Bike Shop,adventure-works\shu0,cheryl0@adventure-works.com,158-555-0154,RGd9trE6ku80EeSumu50h1MGol+lmzdeCrME1UBOKCA=,256h+G0=,15a5cc63-89d5-4348-857f-c8eaf4f856c2,2005-09-01 00:00:00
29835,False,Mr.,Ronald,K.,Heymsfield,None,Superior Hardware Distributors,adventure-works\david8,ronald1@adventure-works.com,784-555-0120,BveRxEdkJ/QVGtSMNGrJu9cLHlihVb+wlFzxrHOsSkA=,DmNlCmQ=,1ab8fdbd-5de5-4978-8cba-1f11e9b088d8,2006-08-01 00:00:00
29840,False,Mr.,Andrew,R.,Hill,None,Eastside Parts Shop,adventure-works\josé1,andrew4@adventure-works.com,194-555-0149,6kDCzX44wtxfxZaC28Ek1kf7IczJ9hxLvDx9DfU8B60=,m9GHYGc=,5dd7f0fd-e9eb-4f47-adfe-e8aa50608c64,2007-09-01 00:00:00
29842,False,Mr.,Mike,None,Hines,None,First Cycle Store,adventure-works\shu0,mike3@adventure-works.com,454-555-0160,gna2fhtLmKi5ZKr50RuPJEI5Vh/osfQgFxhjmQs0XpI=,wt1HllQ=,5d6433e4-a1a5-43eb-9056-78f234c9150e,2005-09-01 00:00:00
29843,False,Mr.,Matthew,None,Hink,None,Running and Cycling Gear,adventure-works\david8,matthew3@adventure-works.com,146-555-0176,q9I0z+PgMdt+yPOfNb1pj69QvJ3r8WuMzirXw4mW4BM=,hDyaJt4=,f2c13e63-ae28-4a72-b011-d6377449ab90,2007-09-01 00:00:00
29847,False,Mr.,David,None,Hodgson,None,Good Toys,adventure-works\linda3,david16@adventure-works.com,969-555-0117,+gtwbVycsIIj2loVtrHNRN6IBLl20lQpRK8+JhzxyEo=,AwqZdYk=,fdd7d9cb-9a81-40fc-baf6-facde8da4923,2006-09-01 00:00:00
29848,False,Ms.,Helge,None,Hoeing,None,Little Bicycle Supply Shop,adventure-works\jillian0,helge0@adventure-works.com,850-555-0198,hbXMO61Cy3vQxyCiHA7HyFryiQNgK7GAqMxsht+DVBI=,yvAO+sY=,142b9355-5d6b-4e97-9091-9459b32b1f33,2007-08-01 00:00:00
29850,False,Mr.,Bob,None,Hodges,None,All Seasons Sports Supply,adventure-works\jillian0,bob2@adventure-works.com,129-555-0120,7n1V5i5pzSERgIgX+CGs3KdSRIWCKMMppAbccjLLWQQ=,FebyYno=,2790ec9d-da39-4ae2-9ff8-e810a3b61cd5,2007-07-01 00:00:00
29851,False,Ms.,Jean,J.,Holloway,None,Leisure Clearing House,adventure-works\jae0,jean2@adventure-works.com,1 (11) 500 555-0181,Hx2n4MFm10Hr0PL/j104QJK1WuHogx9N0H2U16PqpeM=,v8LsuAE=,7b7381b3-75e4-4017-a79c-07e195ac97cd,2006-08-01 00:00:00
29852,False,Mr.,Eddie,M.,Holmes,None,The Commissary,adventure-works\josé1,eddie0@adventure-works.com,570-555-0199,ClF4Z2L4qQo1wgDJduU5/gxrvxuwBxlzP75SHI50bGM=,S111y4k=,e889cc1c-4ca1-4684-97bc-26e65d7ce755,2006-12-01 00:00:00
29853,False,Ms.,Juanita,J.,Holman,None,Affordable Sports Equipment,adventure-works\shu0,juanita0@adventure-works.com,996-555-0196,aJNRDB5SUe0Z3cvfmFqrv/H8fOL9ZoIJhk2iqtM/244=,RvrCF5g=,29804847-b115-4ee5-bf5d-370c178900de,2005-08-01 00:00:00
29854,False,Mr.,Peter,None,Houston,None,Local Sales and Rental,adventure-works\jillian0,peter3@adventure-works.com,632-555-0171,NmON5fxy8YJbaxIrc6lSHicKQ9t/hBGfB1lwcWOr+xc=,Q5WaAeA=,08719008-3f75-4722-a65d-b179b6b1dc15,2007-09-01 00:00:00
29855,False,Mr.,Curtis,P.,Howard,None,Economy Center,adventure-works\josé1,curtis0@adventure-works.com,555-555-0162,mRsptWTaXRgSBaILQ+BYKXl50LdVbLPrHgVQDImm2mc=,e139ONA=,68a5104e-08b0-41e8-92d0-494a00818e1d,2005-08-01 00:00:00
29857,False,Ms.,Janice,K.,Hows,None,Area Sheet Metal Supply,adventure-works\jae0,janice1@adventure-works.com,1 (11) 500 555-0119,vMyt8M0mW0ueXgZQ1RobrccRTzB3IVXOkX5Zy5h5a/A=,Qtn1h+4=,5dcbabcc-3118-4b84-a488-a9fada3a15f1,2006-08-01 00:00:00
29858,False,Mr.,George,M.,Huckaby,None,Synthetic Materials Manufacturing,adventure-works\pamela0,george1@adventure-works.com,851-555-0127,BEq/PlDx4jHq8M8eOxUHo3LyOu4Aetq3bsbr8QlvMuI=,GVMmXow=,44a21c41-bfc8-4551-89ad-344c26966a74,2006-01-01 00:00:00
29859,False,Mr.,Joshua,J.,Huff,None,Rural Sales and Service,adventure-works\jillian0,joshua0@adventure-works.com,190-555-0186,zOvX8kRn4fdhAQJxa8bWrWKsuorYlcuOn6PsgZy7o0c=,HQlRLlk=,b5e28ebd-35ec-4b57-b606-3e05dbca429c,2006-03-01 00:00:00
29860,False,Ms.,Arlene,None,Huff,None,Tubeless Tire Company,adventure-works\jae0,arlene0@adventure-works.com,1 (11) 500 555-0146,V+NOGsSc50L8026bnGkDjKzDoI/ND88zeG1cDP5uO7Q=,SC/mXZQ=,f9cfd187-277b-410a-939a-3bc608987dc6,2007-08-01 00:00:00
29861,False,Ms.,Phyllis,R.,Huntsman,None,Hardware Components,adventure-works\jillian0,phyllis1@adventure-works.com,153-555-0195,p/kLCLWcvgvL26dkJoqHo4GqZmYGVWCYCrBwbhTLKtY=,gJeczkk=,80633c99-08b5-4672-b4c2-f3c64cecc98f,2005-08-01 00:00:00
29862,False,Mr.,Lawrence,E.,Hurkett,None,Retail Sporting Goods,adventure-works\shu0,lawrence0@adventure-works.com,129-555-0185,2d7alYFBKkadQ4uQc1u70/bdOXfmqCXEr5kCDqYMEc4=,hGtKm+M=,c45cc725-aa9a-46a8-8254-84577705a94f,2006-10-01 00:00:00
29863,False,Mr.,Ryan,None,Ihrig,None,Efficient Cycling,adventure-works\josé1,ryan4@adventure-works.com,809-555-0152,6UfB6OlcKQXLjWHj+yl3Ck3STFhp4YRHN/aojcUvsb0=,HGudpUM=,9a89286e-fc9b-4a12-b2fe-bd1422ca061e,2007-08-01 00:00:00
29864,False,Ms.,Beth,None,Inghram,None,General Industries,adventure-works\josé1,beth0@adventure-works.com,718-555-0152,F+vY3tSf0ZDAiQakfFA7yxIP0M8ljrI5oYD1F1iZt4w=,H5fjp4Y=,7dd63c65-3017-4787-a09e-57efcdb7a1fa,2006-09-01 00:00:00
29865,False,Mr.,Lucio,None,Iallo,None,Highway Bike Shop,adventure-works\shu0,lucio0@adventure-works.com,199-555-0135,YodKwREGttzzQZXSLkjMe6ipm+9hE2yzBmAYNlj3qKM=,7hC00f0=,319fecc0-a652-417f-af3a-4aa99b2ff8dc,2005-08-01 00:00:00
29866,False,Mr.,Richard,L.,Irwin,None,Rental Bikes,adventure-works\jillian0,richard4@adventure-works.com,367-555-0124,h5MoUod8rV39hjm6vrOX+iiVre1Alla8UfBtwIodbOg=,B/Jr1SE=,5f5be7ad-3cd2-481c-93d2-66208b113df8,2005-08-01 00:00:00
29867,False,Mr.,Erik,None,Ismert,None,Roving Sports,adventure-works\pamela0,erik0@adventure-works.com,116-555-0163,qH31PnQBwyUFQKdjw4bJmkw4mcqJUwRlENuk3bHLNx4=,xAk6xGo=,8f805f22-745b-42ad-8130-ad8a7967b011,2006-07-01 00:00:00
29868,False,Ms.,Denean,J.,Ison,None,Express Bike Services,adventure-works\jae0,denean0@adventure-works.com,1 (11) 500 555-0127,RJeObGR0plv36VFq0yPWZGwFUAeTDIWG4sJppheOSaM=,mZ4Tbi0=,50b31b69-d44a-48a5-9b9b-6939d52b6cca,2007-08-01 00:00:00
29870,False,Mr.,Bronson,R.,Jacobs,None,Retail Discount Store,adventure-works\josé1,bronson0@adventure-works.com,697-555-0131,qD4cGE0DTDO7V/k6mu0nvfAt3rfbx4PQyYjp43hn+ik=,rLOroU0=,2b812910-aa99-4ae3-9a79-d39f0c95987a,2008-06-01 00:00:00
29871,False,Mr.,Eric,A.,Jacobsen,None,Vale Riding Supplies,adventure-works\shu0,eric5@adventure-works.com,703-555-0120,KONBZCeYvjn9uAVeRFeN0CzMQcKJjrofhFrGTXAscDI=,3V8BWNc=,aa2d309c-61d0-4ddf-a8e3-725e5763b6ff,2007-07-01 00:00:00
29872,False,Ms.,Jodan,M.,Jacobson,None,A Great Bicycle Company,adventure-works\jillian0,jodan0@adventure-works.com,652-555-0189,PSKz4q56IqL3q9GPJjYwAKKz2sFtFqkN9n9dfiu1q+0=,F/sb/Xc=,d6a9a137-a2d8-4ddf-8490-a54b1112cb39,2005-09-01 00:00:00
29873,False,Ms.,Mary,None,Alexander,None,Certified Bicycle Supply,adventure-works\pamela0,mary7@adventure-works.com,344-555-0133,y0iroPvPC4eEspx+3ldDYTXprGyXnnCpLGd3uXHr/+A=,F1wnUPk=,26edd45c-0d00-48fe-9e65-8ddd0f813acd,2006-09-01 00:00:00
29874,False,Mr.,David,None,Jaffe,None,Exceptional Cycle Services,adventure-works\jae0,david17@adventure-works.com,1 (11) 500 555-0140,FGdnPYTMqac/OnHuvpZH+gBqo30RCSqFL8kFsXLMOlI=,AnSCCJw=,50c6eb16-1e62-4e5e-bd58-363288eceaea,2007-07-01 00:00:00
29876,False,Ms.,Vance,P.,Johns,None,Leisure Activities,adventure-works\josé1,vance0@adventure-works.com,103-555-0151,SjhcbJpcpaWw4QjUCmjWLcY825LVBVxAVlKUVRGVC/0=,Tb+oJnk=,356088d1-23e5-4d45-86f2-e73d843ca4f5,2006-08-01 00:00:00
29877,False,Ms.,Joyce,None,Jarvis,None,Paints and Solvents Company,adventure-works\shu0,joyce0@adventure-works.com,458-555-0179,HdGP+FhhGf8dYBcwT4pIsPs6mdixGxg1UVN0kMtW2Jk=,XdEyqf4=,c2e1e791-19c2-4e4b-81d1-96b98537fd41,2007-09-01 00:00:00
29879,False,Mr.,Stephen,Yuan,Jiang,None,Bikes for Kids and Adults,adventure-works\josé1,stephen3@adventure-works.com,910-555-0116,SqD2biQr39fo9zJnjNrYH0b9Ww+jQyq4h+t6vSz0/4M=,8fDglPw=,26c5a2aa-e63e-4207-ba56-aa3a6eeca363,2006-07-01 00:00:00
29881,False,Ms.,Danielle,B.,Johnson,None,Home Town Bike Store,adventure-works\garrett1,danielle1@adventure-works.com,356-555-0190,b0w+/GVSsenvVoXksIyrBh+BGRKEIsId9aOsMDCOZi8=,W1IKTDo=,15c9a0f9-c354-4ef3-87f6-a97398114f51,2007-09-01 00:00:00
29883,False,Mr.,Barry,None,Johnson,None,Sample Bike Store,adventure-works\linda3,barry1@adventure-works.com,858-555-0140,lepgCpcuzDRNfqPaAgUacRzPVGGXHwiRm7wwJ4cNgBs=,lkPNcdI=,7814aca5-869e-4df2-b7c9-61b001f90f04,2005-09-01 00:00:00
29884,False,Mr.,Brian,None,Johnson,None,Extras Sporting Goods,adventure-works\jillian0,brian6@adventure-works.com,320-555-0134,TGnRB6vDbV0LZss8tA9iu637/34mcJWkD0Ux4xaza/k=,2t9hMlk=,0ba43373-59d8-4b12-9723-60c6a2bdaf17,2007-03-01 00:00:00
29885,False,Mr.,David,None,Johnson,None,Sure & Reliable Sporting Goods,adventure-works\david8,david18@adventure-works.com,476-555-0139,tw+fIchafvuaOuwyEXmlXbPr9Vt3EILylHlmwfm6Gig=,0fgKxF4=,26c1fa1f-bf3d-40c7-bae0-6dfd2fb3709b,2005-08-01 00:00:00
29889,False,Ms.,Jean,None,Jordan,None,Separate Parts Corporation,adventure-works\shu0,jean3@adventure-works.com,207-555-0129,Fz+NYcaaq3h6DqGHlfln+rg8Acm2x1ZGxvEayxBvctA=,RqNfsHY=,cb6b9285-24ee-4795-8a96-499a11746331,2005-07-01 00:00:00
29890,False,Ms.,Peggy,J.,Justice,None,Basic Bike Company,adventure-works\david8,peggy0@adventure-works.com,170-555-0189,C4CbjWP+J+L/5D9jekqIDsijBR8VvJlpu7IxqSE3ckI=,GR7idhc=,d52d3eea-dd3f-499c-9772-87dc5f43c6ae,2005-07-01 00:00:00
29891,False,Ms.,Diane,F.,Krane,None,Fabrikam Inc., West,adventure-works\michael9,diane4@adventure-works.com,224-555-0126,IQvtwGrIwRDX9ZHmv+WXAmqiXokkD7MT/x8ZdSBArjo=,6xHx1mQ=,d4b5cf9d-ee5f-4615-92e0-8574b5dfa705,2006-09-01 00:00:00
29892,False,Ms.,Sandra,T.,Kitt,None,Non-Slip Pedal Company,adventure-works\josé1,sandra2@adventure-works.com,303-555-0117,d8QmW8XwLDvVvz9RYBNkv59Snnfp3tdnQQ/IZ0UEV9U=,FccEr0Q=,916f4d7f-0cea-40fe-8b4c-7c274813b876,2005-08-01 00:00:00
29893,False,Mr.,Sandeep,None,Kaliyath,None,Weekend Bike Tours,adventure-works\shu0,sandeep1@adventure-works.com,495-555-0113,Rrgza3uGhmNF9StSEGpXIJ5moVVsmcjhGDjdCAPyMnc=,ekE0M9I=,4593aed0-75d0-4bcd-9aa0-8f2df04bb8cc,2007-07-01 00:00:00
29895,False,Ms.,Lori,None,Kane,None,General Supplies,adventure-works\josé1,lori2@adventure-works.com,765-555-0141,AI+KoUdA4XQcOZdVLM5fW573x+opUHDHSXxhPuylCL4=,s0Fgpmc=,db806b71-4b0c-472b-b77b-f72b8a10f2e5,2006-08-01 00:00:00
29897,False,Ms.,Kay,E.,Krane,None,Racing Toys,adventure-works\shu0,kay0@adventure-works.com,731-555-0187,GEdCYauvHekFxYpM0bYn4e0ipp8SY+vTyO9aqudo25Y=,hvfA+Y0=,91592da3-a8eb-4604-a95c-0ae09d2d31b6,2005-09-01 00:00:00
29898,False,Mr.,Sandeep,None,Katyal,None,Capable Sales and Service,adventure-works\pamela0,sandeep2@adventure-works.com,928-555-0117,EAI1ECvxzm9o9MbS8sPVK9QqTkerK/+KO5Wt6escxwY=,7xO2UQE=,2b2b0574-1062-4867-a352-18198b0f271a,2005-07-01 00:00:00
29900,False,Mr.,Victor,A.,Kelley,None,Road Way Sales and Rental,adventure-works\josé1,victor0@adventure-works.com,112-555-0195,Mm7GafEB1oHJXept9uxIAGnsc2jKRzr0UgDRANPqAsI=,j/3FTKs=,b38782b7-6b43-4ca2-9069-5af4359e97b3,2006-12-01 00:00:00
29901,False,Mr.,John,None,Kelly,None,Sturdy Toys,adventure-works\shu0,john22@adventure-works.com,330-555-0116,tYV64ygQjda9WaWGc8CfVwqOiTHscX15aCHq9OPvjkw=,a2bt7rI=,8ce51ee0-13b9-4a4e-9b47-3a02439089a7,2005-08-01 00:00:00
29902,False,Mr.,Robert,None,Kelly,None,Beneficial Exercises and Activities,adventure-works\jillian0,robert7@adventure-works.com,510-555-0123,JM8Jl1msELWEL8AlgkQ/cej3rlO0TFq13PfmQ/bHakM=,OLqP9tg=,723a4c7f-288a-4e05-a895-41f170c44162,2006-09-01 00:00:00
29903,False,Mr.,Kevin,None,Kennedy,None,Fad Outlet,adventure-works\pamela0,kevin4@adventure-works.com,275-555-0179,FI+QpFgzPmmfZMk6bavb0AtoPMvD4CZ/+wGuwYgso3g=,B+59kWs=,7492859b-f990-4993-96fd-861217eb4825,2006-09-01 00:00:00
29904,False,Ms.,Mary,R.,Kesslep,None,Commerce Bicycle Specialists,adventure-works\jae0,mary8@adventure-works.com,1 (11) 500 555-0146,7OO7XsLMZcOhwoxw8KRfz/SjxQ3qCIVQqjRMtpyV/EY=,J1cVbE8=,81464994-524b-4735-a5a7-1e88770ae0b0,2006-08-01 00:00:00
29905,False,Ms.,Elizabeth,None,Keyser,None,Acceptable Sales & Service,adventure-works\josé1,elizabeth2@adventure-works.com,656-555-0173,gD2lOrxAy3p4xvTGUYnECk5ROZd03OslvHCY+XDxQwI=,/P0XMaQ=,b7428672-4b4e-4917-bbe5-80932183e7db,2005-08-01 00:00:00
29906,False,Mr.,Imtiaz,None,Khan,None,District Mall,adventure-works\jillian0,imtiaz0@adventure-works.com,249-555-0179,NiUsCVv2EYAYfE2mK4VPPDgV7BXgOR4eQ4yVOvsOG1A=,Cdwoi3o=,fd02037f-6c68-43ae-8007-797a28cfd117,2005-08-01 00:00:00
29907,False,Ms.,Karan,None,Khanna,None,Fitness Supplies,adventure-works\pamela0,karan1@adventure-works.com,390-555-0150,KQnTVrF88pDtzAwfV+7dDpsvf4FFaBRltsryZggImmI=,jZhDom8=,274ad75a-5647-4dc9-81c9-4fb6919375db,2007-08-01 00:00:00
29908,False,Mr.,Joe,None,Kim,None,Mail Market,adventure-works\jae0,joe1@adventure-works.com,1 (11) 500 555-0144,/1zuZO01NBBN+zaoVVHAp+srLdfFp0nBmPrSBGPulOc=,jMsXQbs=,f02107b3-5f5c-48d2-aedb-58fc3e25c652,2007-08-01 00:00:00
29910,False,Mr.,Shane,S.,Kim,None,Twelfth Bike Store,adventure-works\josé1,shane2@adventure-works.com,155-555-0149,XRbPUzkzKesTrEzvftw5uMTagaFkYgTZJJlBScNp0hc=,4YXPsTU=,2f9d7a0f-e131-438e-9b03-d813329b3a3c,2006-08-01 00:00:00
29911,False,Mr.,Tim,None,Kim,None,Consolidated Messenger,adventure-works\garrett1,tim0@adventure-works.com,244-555-0115,tgMDK3qjc6HiiWHXztTrPQw/eEJWy2T9OWRLlcrhhbM=,W9zzlRs=,55a68202-60e6-4439-bfcc-8c0a69aa7ebd,2007-08-01 00:00:00
29913,False,Mr.,Anton,None,Kirilov,None,Field Trip Store,adventure-works\linda3,anton0@adventure-works.com,608-555-0162,MA3e45BYPTDfQV7Kwg+fh94UR4S5kCbr0wdRqncaG0o=,0sZGs8c=,c705b4c9-b341-4327-8635-de0d0c879075,2006-08-01 00:00:00
29914,False,Mr.,Christian,None,Kleinerman,None,Finish and Sealant Products,adventure-works\shu0,christian1@adventure-works.com,362-555-0177,v9tjo4izinAmIevwhur1w9F/Wj0yCIj1eXG0q2dFc1s=,7uZHIds=,a4ed5b4f-19a2-4c26-a323-e952a84e6dd7,2005-09-01 00:00:00
29915,False,Mr.,Andrew,P.,Kobylinski,None,Finer Parts Shop,adventure-works\david8,andrew5@adventure-works.com,129-555-0185,kV0cL2OLqsK4OFtnZiL106gAKEZOBwGuAVYOYakH0kM=,GAfxRv4=,57c6f330-66ed-4b3e-8fbf-c01932e3c175,2005-12-01 00:00:00
29918,False,Mr.,Kirk,T,King,None,Up-To-Date Sports,adventure-works\josé1,kirk2@adventure-works.com,979-555-0163,056V7iOc8FPUiLanlyEqQX6cAWuL0TJ8fQBhX7mEjMU=,b96sfSU=,8f6a1402-dd2e-4098-821a-9a58fd67b3f7,2007-08-01 00:00:00
29919,False,Mr.,Eugene,None,Kogan,None,Mountain Bike Center,adventure-works\shu0,eugene2@adventure-works.com,136-555-0134,Tp1Zre+rOA0pmlkyosHvuAxhbMWt7UcvCPrAYmXyI+w=,GdsdWsk=,5d0fa571-03d2-4614-8309-abb42881ae6a,2006-08-01 00:00:00
29920,False,Mr.,Scott,None,Konersmann,None,Specialty Sports Store,adventure-works\jillian0,scott6@adventure-works.com,556-555-0192,2WMJfIzZjrB1xeQtjtSTUQfxxeowOV9LmAjmUkH/qP4=,A+rOrG0=,849bf03b-c4e8-4267-9b6f-d9ef87adcf11,2006-07-01 00:00:00
29921,False,Ms.,Joy,R.,Koski,None,Scooters and Bikes Store,adventure-works\pamela0,joy0@adventure-works.com,810-555-0198,tTeR7tEh6XEQtr0WQ2eXrHrqjsOt2mdihjWZ3c4q50s=,IrqLpXQ=,d4efe5ee-0773-4d09-92f9-a7192d7f7f39,2005-09-01 00:00:00
29922,False,Ms.,Pamala,M.,Kotc,None,Closest Bicycle Store,adventure-works\jae0,pamala0@adventure-works.com,1 (11) 500 555-0173,3nXek8BFNaBhIi8CwSzQOVdo1ZthphI3kGbZTrt6jNM=,/rh9tFs=,d532c98a-db1a-46d5-8f34-a2e2d63df722,2007-09-01 00:00:00
29924,False,Mr.,Mitch,None,Kennedy,None,Reasonable Bicycle Sales,adventure-works\shu0,mitch0@adventure-works.com,996-555-0192,Re4KikAJLZeLX+pM2Bw7HZNkd5Yyd/vrGB7WhjbYmCo=,lGI5cA0=,e2ee9816-381f-400f-905a-59dcb42be29b,2006-08-01 00:00:00
29925,False,Ms.,Margaret,T.,Krupka,None,Outdoor Sports Supply,adventure-works\pamela0,margaret1@adventure-works.com,107-555-0132,dI+A6Ikk6Eh9ypKYxrAEHGdSxjzUhy8bEyDdFjggW9g=,09k9Tis=,13322d86-46c0-4e9c-a8be-c67843616d80,2005-08-01 00:00:00
29926,False,Mr.,Deepak,None,Kumar,None,Outdoor Aerobic Systems Company,adventure-works\jae0,deepak0@adventure-works.com,1 (11) 500 555-0122,0d3F0pfNxXFKEufM738j3/fA0at2eUlZA8ibqRnMr7M=,6fOTb8g=,25036429-a092-4d75-bf32-4136c15c3c1a,2007-08-01 00:00:00
29928,False,Mr.,Vamsi,None,Kuppa,None,Metal Clearing House,adventure-works\josé1,vamsi1@adventure-works.com,290-555-0196,6p4SZnWdWPrBclHkaWFeooblNWE+Y4VJiuTM9hyonDI=,HaDRSbY=,3ce63665-21b9-4502-9aec-6c7d73328850,2007-08-01 00:00:00
29929,False,Mr.,Jeffrey,None,Kurtz,None,Many Bikes Store,adventure-works\shu0,jeffrey3@adventure-works.com,452-555-0179,zn3Nk0+i/zyvxFNh3OziN2Pxa3NfiIlVMJ9Ox86ytao=,5MZXwF4=,ae0f0317-2254-4d4f-9f4d-b01bbb10b3a0,2006-09-01 00:00:00
29930,False,Mr.,Peter,None,Kurniawan,None,Largest Bike Store,adventure-works\jillian0,peter4@adventure-works.com,436-555-0160,el1s9e+hWeb+79bwrhU+hxHEyJN+j6tR8vWyKJDZmTs=,QgzjTPU=,5def9d3e-0485-4cbe-9ec1-e5b1f01b3003,2005-11-01 00:00:00
29931,False,Mr.,Eric,None,Lang,None,Kickstands and Accessories Company,adventure-works\pamela0,eric6@adventure-works.com,932-555-0163,katp5sn21ZqJq5Z26YRBk9XXP3iFjpsX7tNPYAAxZlI=,xw9RymE=,7a417f32-0878-45ff-a994-34ed19c5bb11,2007-09-01 00:00:00
29932,False,Ms.,Rebecca,None,Laszlo,None,Instruments and Parts Company,adventure-works\jae0,rebecca2@adventure-works.com,1 (11) 500 555-0155,ox4SPBzzVPKyCVoIcZvkdVLtnQlKoDXCciBGcqVAfrI=,n7ydrrc=,998bb200-e2ad-4e26-8266-ce8bf95ca4de,2007-09-01 00:00:00
29934,False,Mr.,David,O,Lawrence,None,Gear-Shift Bikes Limited,adventure-works\josé1,david19@adventure-works.com,653-555-0159,HyZexVTTLfKfhx/Sb+XHQb4vta2LC1FD3OYIkpmzMlQ=,/kc6RdY=,9fbd68b6-4626-4e37-af6c-b6c0f127a40a,2006-12-01 00:00:00
29935,False,Ms.,Elsa,None,Leavitt,None,Frugal Bike Shop,adventure-works\shu0,elsa0@adventure-works.com,482-555-0174,BmJaM+147GrhU00kNTtaTolp0EJcarJK/SCfew4ZiYA=,YADhpPo=,70394dac-8cbd-4c81-8a27-b1f8b5c041e8,2006-08-01 00:00:00
29936,False,Mr.,Michael,J.,Lee,None,Family Entertainment Center,adventure-works\pamela0,michael18@adventure-works.com,396-555-0139,A6RveLbS4qIaP/sOesBWwK7KlcShNP0N7DDN2VRWxYk=,vhvGQUE=,91c863db-f3f6-4eb6-b0f7-0a3eef38e71b,2007-08-01 00:00:00
29937,False,Ms.,Marjorie,M.,Lee,None,Go-cart and Bike Specialists,adventure-works\jillian0,marjorie0@adventure-works.com,306-555-0166,viR4W7eY7DDH81eAFhdKTb8Hft5EM8K5CcxdoPdoqgs=,ZcFvFFc=,b0e44fa0-449a-4ba2-8765-bb2ec784eb0f,2006-07-01 00:00:00
29938,False,Mr.,Frank,None,Campbell,None,Trailblazing Sports,adventure-works\shu0,frank4@adventure-works.com,491-555-0132,XKb/GbNNUPKesifxpBwavz3wz5Y3jbFPJgsBIVEFvO0=,/9h1e7s=,8739bccd-a0f4-496d-875e-46963b2f9723,2005-09-01 00:00:00
29939,False,Mr.,Mark,None,Lee,None,Racing Partners,adventure-works\josé1,mark5@adventure-works.com,371-555-0112,Lk6x4lbbepoCdlNUxLYjn6D3zCWVxEKiK2DwxCURAis=,s7z2FRc=,5ba91047-0e9f-40f1-8d9c-2a493fc9343c,2007-09-01 00:00:00
29941,False,Ms.,Jolie,None,Lenehan,None,Exhibition Showroom,adventure-works\jae0,jolie0@adventure-works.com,1 (11) 500 555-0126,qUddcyDDhMORzm2Tp3YcC3vD7dXKgTEDtTorjPbhbmk=,C2IP7to=,580d71e8-a211-4876-9c03-8edc7d65f050,2007-07-01 00:00:00
29942,False,Mr.,Roger,None,Lengel,None,Authorized Bike Sales and Rental,adventure-works\pamela0,roger1@adventure-works.com,947-555-0143,LoVploOms9pM4zQpIHQdGFLraQGd2ZtmlhGCKz8RxZk=,1PXmt4Y=,e5ce6be8-e780-4358-b521-8e4878b2af04,2007-08-01 00:00:00
29943,False,None,A.,Francesca,Leonetti,None,Two-Seater Bikes,adventure-works\jillian0,a0@adventure-works.com,645-555-0193,M2iP88O+gIF88E9NpBhI0baOUusaGXrum+clJ/miHO8=,6UypM3o=,49e6f552-fb89-4f3b-ae4d-37d9493415d3,2007-09-01 00:00:00
29944,False,Ms.,Bonnie,B.,Lepro,None,More Bikes!,adventure-works\linda3,bonnie2@adventure-works.com,354-555-0130,QFcESEnv3fd3s0KxftaNIRbKv6ba7PNXWLVrlx/mrF4=,WVm7PpY=,881137fc-ae6a-4fbd-b71a-4af9c2f65914,2005-09-01 00:00:00
29946,False,Ms.,Linda,None,Leste,None,National Manufacturing,adventure-works\garrett1,linda7@adventure-works.com,493-555-0134,heRwLFQMae6Y0X7+Q7tLrq4gB5sXd8jC7uiIjXlEs6Y=,OHu+9rc=,a578dddd-4cac-4d51-b60b-0c2f3b11ab13,2005-08-01 00:00:00
29948,False,Ms.,Elsie,L.,Lewin,None,Town Industries,adventure-works\jillian0,elsie0@adventure-works.com,803-555-0116,sbrtAXJY79C5nTfNaktfR5zn9+uSLMSL26NETFSeEas=,UUwXzgY=,4bf3d7ed-265d-4058-b516-134083182bdb,2007-09-01 00:00:00
29949,False,Mr.,George,Z.,Li,None,Security Racks and Locks Wholesalers,adventure-works\shu0,george3@adventure-works.com,699-555-0183,y3YyySPHg7l+/+LZkIFmyZ7gE+BOIOdPEq+t+oE093g=,4m5UYgM=,67582572-8246-4544-a083-502a1eef1fa0,2006-08-01 00:00:00
29950,False,Mr.,Yale,None,Li,None,Rapid Bikes,adventure-works\josé1,yale0@adventure-works.com,316-555-0138,B2RR480ridZSqURXY3APlxFk13GITW6LDFutGbpSUIs=,5MEUKYU=,0631f720-a96d-4505-a07c-11a954a67f6b,2005-09-01 00:00:00
29952,False,Ms.,Yuhong,None,Li,None,Nearby Sporting Goods,adventure-works\jae0,yuhong1@adventure-works.com,1 (11) 500 555-0176,XrcuygOte7eGdTleJOKDmf/XBySqc/0xVbjpIPzMWQA=,R273GbA=,2675b45b-5db9-4118-ad66-d09806903c25,2006-08-01 00:00:00
29953,False,Mr.,Joseph,M.,Lique,None,Front Sporting Goods,adventure-works\pamela0,joseph2@adventure-works.com,119-555-0195,7dnLSdRuWFKBMjmORanIkwGVy3smf5yZI3YxSSyd5/U=,jH5dJh4=,7c6c2b33-faa3-493c-8a74-21df759833a9,2006-08-01 00:00:00
29954,False,Mr.,Paulo,H.,Lisboa,None,Elite Bikes,adventure-works\jillian0,paulo0@adventure-works.com,380-555-0116,MO2kc8uiSARHp+gxFShJchORmBfhfAz+NC31TDVciS8=,QXbFwBQ=,d0e449ef-513f-4264-b2a6-25d67cadfeb6,2006-09-01 00:00:00
29955,False,Mr.,David,J.,Liu,None,Catalog Store,adventure-works\michael9,david20@adventure-works.com,440-555-0132,61zeTkO+eI5g8GG0swny8Wp/6GzZMFnT71fnW4lTHNY=,c7Ttvv0=,b8a33e4f-4519-45e1-bcea-25dc890b2387,2005-08-01 00:00:00
29956,False,None,Jinghao,None,Liu,None,Chic Department Stores,adventure-works\jillian0,jinghao1@adventure-works.com,928-555-0116,IaD5AeqK9mRiIrJi/etZGVO6EiybLf/oksA2CqrpoJ0=,p6pOqKc=,8d4efa1a-bf3a-49a8-be7b-a53ff3e9cb52,2006-09-01 00:00:00
29957,False,Mr.,Kevin,None,Liu,None,Eastside Department Store,adventure-works\linda3,kevin5@adventure-works.com,926-555-0164,ylTpkIOHKLcjihNjS0j/k10eOHOsWQMNhlbuOCp+UTY=,TgZnUOg=,e115475e-25da-4139-8256-934f48c8453d,2006-09-01 00:00:00
29959,False,Mr.,Todd,R.,Logan,None,Cycle Merchants,adventure-works\garrett1,todd0@adventure-works.com,783-555-0110,FV6z03ywMJOumcU+TEoL/Z/s4YP2fe8B3MJUUTA0CHU=,mFRhaEg=,8cac7bf4-d851-49f6-afc1-e7bdc398be26,2006-09-01 00:00:00
29962,False,Ms.,Sharon,J.,Looney,None,Fitness Hotel,adventure-works\jillian0,sharon2@adventure-works.com,377-555-0132,Uo3kAuNh936QfPTIfPt6I6Z3+olLMRu5IC5awuzDaG8=,uHgb0IU=,a9627a12-c4ec-4c3e-b611-4b6eadce91c4,2006-09-01 00:00:00
29964,False,Ms.,Anita,R.,Lucerne,None,Grand Industries,adventure-works\garrett1,anita0@adventure-works.com,164-555-0118,YYTwMHBzX9ZM2XoYAzTo7bVfsHm05BO3Sl1+sokcRjM=,Zb6O1a0=,0616ffa0-9986-40ce-9fed-1ecbf7deb9f0,2007-09-01 00:00:00
29967,False,Ms.,Judy,R.,Lundahl,None,Leading Sales & Repair,adventure-works\jillian0,judy1@adventure-works.com,260-555-0130,VzG/BDjkh2mMWAn2eZ/FQDI5/pGurtzdCfxTaCf6zAs=,N5Ajt+s=,c8dbb680-faea-4732-8db2-cd6ad1b5226a,2005-09-01 00:00:00
29969,False,Mr.,Robert,P.,Lyeba,None,Tandem Sales and Service,adventure-works\garrett1,robert8@adventure-works.com,631-555-0155,5obs6LI7GwHZ55lps26uIsPyz7E4xBxF6pdB5KYAnn0=,/Q1sZG0=,fac812b2-c8b4-42fe-8641-f753856806b4,2005-09-01 00:00:00
29971,False,Mr.,Robert,None,Lyon,None,Reliable Retail Center,adventure-works\garrett1,robert9@adventure-works.com,666-555-0143,4wMARaGSdJ36NMWSghaEHOvqGA6TSKb3JZJ8QlNfnok=,0JS3VLg=,b60c30f0-35ae-4892-9825-426d28db59ea,2006-09-01 00:00:00
29973,False,Ms.,Denise,R.,Maccietto,None,Friendly Bike Shop,adventure-works\michael9,denise1@adventure-works.com,537-555-0190,qE35+Yj4hYU97ToV8hswsOzcxEz23lHAGGrIx9xL2YY=,DfqJQ4g=,a83dcd3c-d7de-47d4-ab2e-f14062e50a2e,2005-10-01 00:00:00
29974,False,Mr.,Scott,None,MacDonald,None,Yellow Bicycle Company,adventure-works\jillian0,scott7@adventure-works.com,470-555-0171,E1wwrSH3sVJUF8UlhuAF+A5UTcdr1LObJBI67CvopDA=,LqtoWXs=,14036d92-ce29-4270-9c7c-51c8b443dd30,2005-07-01 00:00:00
29975,False,Mr.,Walter,J.,Mays,Sr.,Sports Products Store,adventure-works\linda3,walter1@adventure-works.com,245-555-0191,PubfC/rRrBqx4Duzd5die33tt0m74frlazigsOv3D7s=,IZ6tF0Y=,77083660-ddc4-4f13-877d-9e49e0854079,2006-09-01 00:00:00
29978,False,Mr.,Ajay,None,Manchepalli,None,Shipping Specialists,adventure-works\jae0,ajay0@adventure-works.com,1 (11) 500 555-0174,eVyn3oU+PF4k5dUPOBDIl+7JqQhO17DiG/iJE8dPkgc=,MYqiM6w=,b6ef4ac3-0e63-4fb2-b284-e48b8cd64c73,2008-02-01 00:00:00
29980,False,Mr.,Tomas,M.,Manzanares,II,Authentic Sales and Service,adventure-works\jae0,tomas0@adventure-works.com,1 (11) 500 555-0178,jlXuo2MxBdUaBFU1a7LQeFlHkJUTu5koo+dBRsKSbrw=,blIz9rk=,bffdc3c2-c552-4f0e-ac58-f7fe76b9e854,2006-09-01 00:00:00
29981,False,Ms.,Kathy,R.,Marcovecchio,None,Official Parts Shop,adventure-works\pamela0,kathy0@adventure-works.com,942-555-0141,EQfen7Xb4ZYQG6fC/yOA9SRKRw4HtLTBSHq1n1yOiAs=,LH8E+mM=,e55500bb-3b2f-4082-9624-ab085bf73fe8,2006-07-01 00:00:00
29982,False,Ms.,Melissa,R.,Marple,None,Discount Tours,adventure-works\shu0,melissa0@adventure-works.com,685-555-0117,UbL/DUTnTSqLeeA4RQCXS5ofw+ATOi1iWyGfuy/PO6g=,CAB+B+I=,da27541e-8f63-451d-8e58-ef11a02520a0,2005-12-01 00:00:00
29983,False,Ms.,Cecelia,L.,Marshall,None,Tire Exchange,adventure-works\josé1,cecelia0@adventure-works.com,394-555-0168,Io27wVPQenseFjuryNClpoCLiH0HtpKdgQrqYO9W/OQ=,1sXsDEE=,505c5789-f6a6-47c2-a700-e4f2506862ec,2006-08-01 00:00:00
29985,False,Ms.,Linda,None,Martin,None,Oils and Fluids Warehouse,adventure-works\jae0,linda8@adventure-works.com,1 (11) 500 555-0137,lePksYQQH7iiujo49o5l9u2k6fs+JCFtUHkyVL8P7WM=,JYjWVqI=,6c448fee-b174-4e20-8de0-7ff7f7f076de,2006-08-01 00:00:00
29987,False,Mr.,Frank,None,Mart¡nez,None,Rally Master Company Inc,adventure-works\shu0,frank5@adventure-works.com,171-555-0147,om5PZqKM1Q45cWiYPIrXl/Aae/JkbppbhDiC35ExpI8=,6YiQ2V8=,7cb529e5-6532-4bb3-b38f-971c2e820a80,2007-07-01 00:00:00
29988,False,Mr.,Steve,None,Masters,None,Professional Cyclists,adventure-works\josé1,steve2@adventure-works.com,154-555-0115,yFi3yGOATh6SBDVcA2+76Fx57aewXlckixsLIK6rBQ8=,WWk6sxA=,ad1f9ae6-49ea-45f8-8c72-9cf84183fa9b,2005-08-01 00:00:00
29990,False,Ms.,Jennifer,J.,Maxham,None,Exclusive Bicycle Mart,adventure-works\jae0,jennifer1@adventure-works.com,1 (11) 500 555-0175,7Rt3EiYjLXevQHTKMCMAavZEDngeIlBpAJZwplBW0G0=,M6OjY4Y=,647bf848-e9fc-4ccd-acb1-ff0ea9653b53,2006-08-01 00:00:00
29991,False,Mr.,Chris,None,Maxwell,None,City Manufacturing,adventure-works\pamela0,chris6@adventure-works.com,642-555-0187,ixajZho2s3ev/ogNQ9FUe1TyfA9yX1aEVWDOy/mdUAU=,k3iiros=,ec942fe9-2f5b-4b5d-a289-a061d6c4b873,2006-11-01 00:00:00
29992,False,Ms.,Sandra,B.,Maynard,None,Bike Dealers Association,adventure-works\shu0,sandra4@adventure-works.com,993-555-0179,iPjYe483dSgp0POtxsJVNCcegR3PdCK33L1Elr6F14w=,CqQEYuw=,4c8d76ed-b55a-4dff-b7c9-f6aa5ad83cbf,2005-07-01 00:00:00
29994,False,Ms.,Robin,M.,McGuigan,None,Health Spa, Limited,adventure-works\josé1,robin0@adventure-works.com,431-555-0153,fLh6z9dFddA6FLXlQVHhI5C9QbgD7gDHv63wFwwLzx8=,OtAJEtc=,2aa52dc6-2ae5-4729-9620-2d58100d2c6a,2005-07-01 00:00:00
29997,False,Ms.,Lola,M.,McCarthy,None,Closeout Boutique,adventure-works\david8,lola0@adventure-works.com,173-555-0151,FA9j5YePslFGxxwINV2WNFLdtlbCtTK0YuF06zPc16Q=,ojfzrl4=,ddbc698b-e010-4cf0-8df6-e7062a29d4ea,2006-08-01 00:00:00
29998,False,Ms.,Jane,A.,McCarty,None,Bicycle Merchandise Warehouse,adventure-works\shu0,jane3@adventure-works.com,529-555-0195,ZoY0+khcW5IFNHszZdW3+g5b7xWZLakfBmLzPRGtfpI=,cpPYnNE=,511df11a-b292-461d-b6ca-8991747096c2,2006-09-01 00:00:00
30000,False,Mr.,James,L.,McCoy,II,Leather Seat Factory,adventure-works\josé1,james12@adventure-works.com,191-555-0151,7fCBS9M7J3qJvmN3sgO/fbT2ap3vnYQ/k+fKjaHYP/0=,r9owTtw=,f979676f-80e7-4445-b894-ce8cea7ea5e2,2006-07-01 00:00:00
30003,False,Ms.,Yvonne,None,McKay,None,Practical Bike Supply Company,adventure-works\jillian0,yvonne1@adventure-works.com,623-555-0144,CzoEFQ0OfYtg1bNPN/BfavRr5F/ulWLF9VIraghdmZo=,pXNy1Eg=,a6fe5230-afe5-4633-ad8b-84176a335960,2005-09-01 00:00:00
30004,False,Ms.,Nkenge,None,McLin,None,Some Discount Store,adventure-works\pamela0,nkenge0@adventure-works.com,158-555-0123,mGggzeGp9z6TPCUrzGWt1N9gNU1CoQ+Cuu8cxh8uig4=,NNRxDmg=,927b8f21-1238-41ae-99be-193b64d6ed39,2005-08-01 00:00:00
30005,False,Ms.,Nancy,A.,McPhearson,None,Variety Cycling,adventure-works\jae0,nancy3@adventure-works.com,1 (11) 500 555-0195,jI4Q0GjuXuPicv1G1Kd3ZluvRH4IsSCG13q/+rCAqW8=,qcerumU=,0df0acf0-6d9c-4180-8577-46db866c46c3,2007-08-01 00:00:00
30007,False,Ms.,Raquel,None,Mello,None,Remote Bicycle Specialists,adventure-works\josé1,raquel0@adventure-works.com,723-555-0124,GMyxAFJL1Mwg+3iSBTMKDohFkSy5NKqGrVo0rL23S4I=,Ap+5ADc=,326589df-6f6c-4f62-8332-554288779009,2006-09-01 00:00:00
30008,False,Mr.,R. Morgan,L.,Mendoza,None,Friendly Neighborhood Bikes,adventure-works\jillian0,rmorgan0@adventure-works.com,963-555-0146,SDOw6y7IRVh0ifbtO1Ue2Fb8cig2n0DkW+K3kmjQ/Xc=,K0sYx+Y=,1e4996b9-004d-48af-ab2e-f34064ddb2e1,2007-06-01 00:00:00
30010,False,Mr.,Stephen,A.,Mew,None,Recommended Bicycles,adventure-works\garrett1,stephen4@adventure-works.com,399-555-0114,pBvyGgTluk2JUwL/bK3NlXBRBgSUVk5HgHHhc2gU89k=,xdzdXEw=,38814541-7e2a-4a6a-911f-5ed76dd0e481,2005-11-01 00:00:00
30012,False,Ms.,Helen,M.,Meyer,None,Alpine Ski House,adventure-works\linda3,helen2@adventure-works.com,519-555-0112,xYJSzxUQxGXkjj+EUMGu3jCaA5aPco7WAdw+VZtUbUM=,v1Ew2R4=,6eee2e6b-c439-4d87-ad95-25eecfb1672c,2005-11-01 00:00:00
30016,False,Mr.,Thomas,R.,Michaels,None,Seats and Saddles Company,adventure-works\garrett1,thomas2@adventure-works.com,162-555-0174,sGgVDtQybwwnAik3qbQBE+iRRjlk0ahJmqvKjTGFq5I=,aOFmjMY=,009f9cfc-23a3-4b66-92be-bacce90985dc,2006-11-01 00:00:00
30018,False,Ms.,Virginia,L.,Miller,None,All Cycle Shop,adventure-works\pamela0,virginia0@adventure-works.com,918-555-0127,2LMYXdm0nvmWcT+Md+NaYmfIPgdmP0R2PiRoynq7WCk=,GNkVrfA=,84fc26a4-3a90-4cb9-a04d-be85e95c1acf,2006-07-01 00:00:00
30019,False,Mr.,Matthew,J.,Miller,None,Tachometers and Accessories,adventure-works\jae0,matthew5@adventure-works.com,1 (11) 500 555-0176,/hDOTbr9X/E4UE8H6wjOGHYZ6Gb8GDpmutPWgFTXQnc=,eiCRDs8=,226d328b-23d4-4215-b9c4-3da08f2e68db,2006-09-01 00:00:00
30021,False,Mr.,Ben,None,Miller,None,Low Price Cycles,adventure-works\josé1,ben1@adventure-works.com,207-555-0167,d8+17xmtxYv0ovo+dfdJCIe7zpoChbE+X4f+gQrPU3A=,6CMCzUQ=,1e32fa7f-e67b-4c0b-a58f-182b7d9560fe,2007-08-01 00:00:00
30022,False,Mr.,Dylan,None,Miller,None,Metropolitan Manufacturing,adventure-works\shu0,dylan1@adventure-works.com,140-555-0192,kE/AZF2xtlVStSAI51sBwnA1CENgrWppF3qD5KxBdVE=,q1lJvKo=,1aa7f7b6-5a35-463c-b744-e9f8955901e3,2005-11-01 00:00:00
30023,False,Mr.,Frank,None,Miller,None,Orange Bicycle Company,adventure-works\jillian0,frank6@adventure-works.com,118-555-0184,h7ho5pw1ypORUO13IMzogsDDW1C9bUTmGWsz06Xax8E=,n/q5ims=,0eb59b8a-807f-4596-af6b-4d73ab4d0c75,2006-08-01 00:00:00
30024,False,Ms.,Neva,M.,Mitchell,None,Riding Associates,adventure-works\pamela0,neva0@adventure-works.com,992-555-0134,xUl8Ag905RQfEG81+mYFO378kfiUUFE0TsYSJ1+rU9I=,ru6E/qg=,cbf5c8d9-5718-4b1b-a066-19cdc432f4a8,2007-08-01 00:00:00
30025,False,Ms.,Linda,None,Mitchell,None,Essential Bike Works,adventure-works\jae0,linda9@adventure-works.com,1 (11) 500 555-0182,LJhS2DW9IscOBidp+dn6JWOa8axqqpEw2XIUiUMRKVM=,hrRF3s4=,838acd04-5b60-459c-88cc-ef5d1d696e05,2007-09-01 00:00:00
30027,False,Mr.,Joseph,P.,Mitzner,Jr.,Engineered Bike Systems,adventure-works\shu0,joseph4@adventure-works.com,129-555-0164,7obarvC3BHLIE/oFo0n+bkB/EZ03Zc8Vu+F2jpK/CNM=,k6zgROU=,029c27b5-72e5-4024-a5fa-53bdb42b98bc,2007-09-01 00:00:00
30028,False,Ms.,Laura,C.,Steele,None,Professional Containers and Packaging Co.,adventure-works\shu0,laura3@adventure-works.com,741-555-0173,Ve/S2F7op7awJVe7aBPDkDTtsOiyLvShdymITr5ilEI=,ckT+1XU=,d2c24d1f-c84b-4d96-82b9-66b729b3f1dd,2006-08-01 00:00:00
30029,False,Ms.,Shanay,B.,Steelman,None,One Bike Company,adventure-works\josé1,shanay0@adventure-works.com,797-555-0118,No6/IlWBeOp1TBZ1wAMOUa5VwYHrf3NyowdeNz4yGNs=,VQqvrDo=,8330f126-bd54-4f8c-9c16-fab34b7ca54e,2006-09-01 00:00:00
30030,False,Mr.,Stefano,None,Stefani,None,Cycling Goods,adventure-works\jae0,stefano0@adventure-works.com,1 (11) 500 555-0115,eVnhcpqYU3NKN52mFwcXw11n5pF8qfCFpZBVTo45zsY=,XSHxez4=,7f98308d-cdbc-4143-a080-1c10053e1054,2006-08-01 00:00:00
30031,False,Mr.,Alan,None,Steiner,None,Cycle Clearance,adventure-works\pamela0,alan4@adventure-works.com,792-555-0194,0ZfPkEBplSrQkVpmgzrlfblSeTpJ4CJwJu7aVWOuOSM=,FDIch68=,8979685d-b1df-450a-a296-423f1e2b1056,2007-09-01 00:00:00
30032,False,Mr.,Derik,None,Stenerson,None,Black Bicycle Company,adventure-works\jillian0,derik0@adventure-works.com,441-555-0144,eiskTIJrt6kqa7sel16D8OBUVoPmh3ud4vMChJvsZCc=,0rK3P2k=,2c8b69df-e0b4-41f8-964e-7b0cd40b6bc8,2007-02-01 00:00:00
30033,False,Mr.,Vassar,J.,Stern,None,Transport Bikes,adventure-works\shu0,vassar0@adventure-works.com,328-555-0123,nPkLkDdemKmfK3VexvRWH5zYyNzwcfvny8DxWGnicSw=,hLswDiQ=,66193607-693c-4073-be28-78e3892141a2,2007-09-01 00:00:00
30034,False,Ms.,Wathalee,R.,Steuber,None,Sellers of Cycles,adventure-works\pamela0,wathalee0@adventure-works.com,517-555-0120,Sr0056wJj+khaWXi1cRpgU62bgcN9VaN6VJADuKWey4=,7uwL9LU=,5c37794c-6ce1-4c0e-a4e0-d616e6986b51,2007-09-01 00:00:00
30035,False,Ms.,Alice,M.,Steiner,None,Maintenance and Repair for Bicycles,adventure-works\jillian0,alice4@adventure-works.com,355-555-0180,6WWUM3/rogiNsZhr2QrAacB6N22U0ZWIgDs1/K05cpI=,4QdzKJI=,e8796105-7273-4288-a7f4-6a0ec7092b9b,2007-08-01 00:00:00
30036,False,Ms.,Liza Marie,N.,Stevens,None,Fitness Department Stores,adventure-works\shu0,lizamarie0@adventure-works.com,366-555-0110,Sapr4JrpchrNOsaFQvNr+C8KtCL9DgKHOdvYws7WrOM=,QvunVRs=,f98903d8-a633-4004-ad3b-c7ef0845616b,2007-08-01 00:00:00
30037,False,Mr.,Jim,None,Stewart,None,Famous Bike Shop,adventure-works\garrett1,jim5@adventure-works.com,226-555-0110,UhGiWqQH+ZqO4P2SIEQ4J9goCINUOyHBAttZ/+kJooA=,awRBGoA=,f1141256-0a49-42d0-af3d-5d3e0fe6c05e,2006-09-01 00:00:00
30039,False,Mr.,Robert,B.,Stotka,None,Gift and Toy Store,adventure-works\jillian0,robert12@adventure-works.com,493-555-0185,FT/8LOHiql36eAZLyTYZ2uqevgzDFxh6W9nVGmMmrhw=,M0RBO9w=,4ff665f4-4cbf-42ff-aede-f0f73775b094,2006-07-01 00:00:00
30040,False,Ms.,Kayla,M.,Stotler,None,Major Sporting Goods,adventure-works\linda3,kayla0@adventure-works.com,315-555-0131,iqikbQl8bEZb+ulQMP5FNBSjXL1grUcz4NTUP9GBmAQ=,ZqTw9GM=,e6d036b6-1faa-44c9-8aec-6c9433bebab3,2007-02-01 00:00:00
30042,False,Ms.,Ruby Sue,R.,Styles,None,Major Cycling,adventure-works\josé1,rubysue0@adventure-works.com,512-555-0122,y5SdWw1VGzybXaHVXTc7TQTKtr6N54cV+htK8Ehcr+E=,H8DZOb4=,a2b42e44-f4a3-4832-98f5-76bc1b928cf8,2005-08-01 00:00:00
30044,False,Mr.,Gary,J.,Suess,None,Downhill Bicycle Specialists,adventure-works\jae0,gary5@adventure-works.com,1 (11) 500 555-0199,vQKhd203Tno3eBvyJW+nSrZ8E387QlZFJA7DcRyrcoI=,n/cr6qs=,ba59c532-d2ba-4613-837f-893022f6e155,2006-08-01 00:00:00
30045,False,Ms.,Ruth,J.,Suffin,None,Bike Experts,adventure-works\pamela0,ruth2@adventure-works.com,924-555-0195,miUYjqbbeA6G0zx3zN+MFegYwr7MIqFBLBIHbcxnRhA=,H30Eu1I=,4c70024f-caf8-4349-9e00-435661769812,2006-08-01 00:00:00
30046,False,Ms.,Elizabeth,J.,Sullivan,None,Extraordinary Bike Works,adventure-works\jillian0,elizabeth4@adventure-works.com,306-555-0112,AURzT7TRCKKvm0AKkEPIhSIpt/3cDoZ1UtFixmM/7MU=,t31Ri34=,c84e8115-5454-4ff6-a6f6-5342a4a01b6c,2006-09-01 00:00:00
30047,False,Mr.,Michael,None,Sullivan,None,Valley Bicycle Distributors,adventure-works\shu0,michael24@adventure-works.com,323-555-0113,zeK7weuXbh2aNM2MR5WVlOvwCXgMuHuiecTgufohN+Y=,ic4F61g=,be9b7b8e-80ac-4ddd-a35b-4d70e3631aa2,2006-11-01 00:00:00
30048,False,Ms.,Marcia,J.,Sultan,None,Top Sports Supply,adventure-works\josé1,marcia0@adventure-works.com,613-555-0116,1EcI7xrTOArxMpieU6+v/pzf9gN7zS00aKQWROpwyyA=,eFbn7kk=,435c6a1b-180c-4e92-96aa-6e8cb6c769cd,2006-07-01 00:00:00
30050,False,Mr.,Krishna,None,Sunkammurali,None,Metropolitan Bicycle Supply,adventure-works\jae0,krishna1@adventure-works.com,1 (11) 500 555-0177,rKKXHEQ/Zb5Z596gCAMQepmJHLIzJy+BpJaz5GSv31c=,sEZH3m0=,2492e57f-c37b-4aeb-a038-c3f897111232,2006-09-01 00:00:00
30051,False,Mr.,Brad,None,Sutton,None,Honest Repair Service,adventure-works\pamela0,brad0@adventure-works.com,688-555-0115,5tnpQqGsl1FEtOjw1+pBDGRv4Cwho0BiuspfaZVuVOE=,BhyhRuI=,cba8a194-7d3a-45df-adda-4a4b6c8fcc95,2007-07-01 00:00:00
30052,False,Mr.,Abraham,L.,Swearengin,None,Wheel Gallery,adventure-works\shu0,abraham0@adventure-works.com,926-555-0136,CCZ7frrqKu31sPRuEGit5egtq9PHIW51qLxRTi/TAcY=,D5ohtJ8=,c8c9c968-f0c6-44b1-9d44-7e0aa9d39260,2005-07-01 00:00:00
30053,False,Ms.,Katherine,K.,Swan,None,Top Bike Market,adventure-works\garrett1,katherine1@adventure-works.com,421-555-0192,KP0aM3OevdwcZrEJTRWtCuCiSKfiPhktKN5FqHTnYhM=,yv8Jhf8=,6ed7e1b6-3749-485c-bfed-92ae1ca427b3,2007-09-01 00:00:00
30055,False,Ms.,Julie,None,Taft-Rider,None,Bicycle Lines Distributors,adventure-works\jillian0,julie1@adventure-works.com,145-555-0194,BQF73YAE2cFDpeWDP0v7uA0/ZGhGgw1xxiMQqe74r7I=,6ZebGOE=,d075a674-cac6-482e-bf78-5093ddbb23e7,2006-08-01 00:00:00
30056,False,Mr.,Clarence,R.,Tatman,None,Sparkling Paint and Finishes,adventure-works\linda3,clarence0@adventure-works.com,787-555-0128,266JCMNzG3Y2YOZOElwlwmjuO9HTi1S0zbkD7zdQ03g=,kCUx/bc=,89324b36-4a2e-470c-823a-93d3c1e6f3b0,2005-08-01 00:00:00
30058,False,Mr.,Mike,M.,Taylor,None,Plastic Parts Company,adventure-works\garrett1,mike6@adventure-works.com,204-555-0189,3/sdWTV1ScxayLuSf0nc6Wbyci2VcabsIBhV/KlQyZ0=,abgBRtE=,0c873f42-b527-4a71-a793-5b20f566e1d0,2005-11-01 00:00:00
30061,False,Mr.,Chad,J.,Tedford,None,Big Cycle Mall,adventure-works\jillian0,chad1@adventure-works.com,588-555-0128,SnOacRNEqi3s4ywOGFR5MLNghukZ/0bEg9u6LbvzOOE=,+apUSQU=,6d42ec9d-bbdc-4cee-af72-306a3bd800c2,2007-08-01 00:00:00
30063,False,Ms.,Vanessa,J.,Tench,None,Eighth Bike Store,adventure-works\shu0,vanessa0@adventure-works.com,785-555-0163,qnzSZKGLMJiDzrH9h5VfDojb/pTtQKfZNc7nW7qzQ90=,dPOi278=,2a6fc73a-ecaf-4e0c-be76-16c011a6e27d,2007-08-01 00:00:00
30064,False,Ms.,Judy,J.,Thames,None,Demand Distributors,adventure-works\david8,judy3@adventure-works.com,799-555-0118,BXs/jMkqmCMJn6V9vWS+iM7P+R0MGu2nmP4SLrJrYCg=,OSnERUk=,14e2ddf8-d5fa-4beb-a103-75bbf747f14d,2006-06-01 00:00:00
30067,False,Ms.,Phyllis,A.,Thomas,None,Red Bicycle Company,adventure-works\josé1,phyllis2@adventure-works.com,667-555-0112,hAXpzsxtYdB4R3XMc08m98BwHHvL0+J6J+y0u7B1ngg=,ycYA+jA=,67fcfc2c-8e14-45e7-b72d-2d4d7558c454,2005-07-01 00:00:00
30069,False,Mr.,Donald,M.,Thompson,None,Trendy Department Stores,adventure-works\shu0,donald1@adventure-works.com,273-555-0111,HfjBjq3HyrYM/vkKe/z2JUvmTeROuQWy7ntzIG/uTNk=,ke7sTgo=,ffe5de91-a621-482d-bd73-7d6b86db4f18,2007-09-01 00:00:00
30070,False,Ms.,Kendra,N.,Thompson,None,Vintage Sport Boutique,adventure-works\david8,kendra0@adventure-works.com,464-555-0188,dBvr8YSJ5D5BzBQ6uCOKmYVG2wDeIf97H4Jh3ePPYHM=,IS71rL8=,df8629b4-8a88-4979-9a0b-1390939662c0,2007-07-01 00:00:00
30071,False,Mr.,Daniel,P.,Thompson,None,Travel Sports,adventure-works\pamela0,daniel2@adventure-works.com,247-555-0197,DgTXKBbRFAv0jGUCn8yCPgnYQP1JhhVioFj9E1gXCS8=,jcMXc0w=,7632ab5e-b59a-48d9-bd6e-dbbc7fa58914,2007-09-01 00:00:00
30072,False,Ms.,Andrea,A.,Thomsen,None,West Side Mart,adventure-works\jae0,andrea1@adventure-works.com,1 (11) 500 555-0120,LDoJwsGCFLtxVdbdQBbN/to7zFF1skP+hWLrIrCxvAw=,NuexV8w=,9bbbddc1-8e1a-4edf-aa2f-a8abea78c940,2007-09-01 00:00:00
30074,False,Ms.,Yuping,None,Tian,None,Tenth Bike Store,adventure-works\josé1,yuping0@adventure-works.com,744-555-0123,dOvfJZgKHSk3OY2F/ZDzG76q7Vqtd3ogvi6tEW81U9E=,30pSFOQ=,55e89b26-c63c-435d-ab1a-99c96771493b,2005-08-01 00:00:00
30076,False,Ms.,Diane,None,Tibbott,None,Fun Times Club,adventure-works\shu0,diane5@adventure-works.com,847-555-0184,4G603WBKyHh8eHVBhhE9Fx0bYyHxSASUpUyJ5v5AG88=,br8PN50=,98b44e06-1ed0-47c0-8396-31ab241ee995,2005-08-01 00:00:00
30080,False,Ms.,Delia,B.,Toone,None,Wingtip Toys,adventure-works\david8,delia0@adventure-works.com,328-555-0192,UnSgG1XBHKmwMxg5VTpybLrsNrIqNTu91vgwbUeI10o=,k8iQbOY=,e092ffa5-31e5-471e-b2c5-653730617416,2007-09-01 00:00:00
30083,False,Mr.,Glenn,J.,Track,II,Active Life Toys,adventure-works\josé1,glenn0@adventure-works.com,907-555-0170,ZLp7yG5TYPKeQ7F+bE+OAdM4Z6HzU3EWjyk8211nuP8=,Vuzh1IE=,b55cb46c-7c76-4723-a120-daf3ca003009,2006-09-01 00:00:00
30087,False,Mr.,Billy,J.,Trent,None,Quick Parts and Service,adventure-works\garrett1,billy0@adventure-works.com,882-555-0115,tSfXgpVAnQ6TL8XxnK0PMKR2Ngn49a0253VcVtcV6QQ=,V1n+9SQ=,a48662d5-c698-4048-9546-c562df2ac4e8,2007-09-01 00:00:00
30089,False,Mr.,Michael John,R.,Troyer,None,Thrifty Parts and Sales,adventure-works\linda3,michaeljohn0@adventure-works.com,308-555-0175,Gdklarx2tW1EtZEyrAUEIhhguzrFKVS4Bh3BdAsGngk=,HUE+JKI=,8d6af1e8-5082-4e5c-9f15-dfd04e64fd95,2007-09-01 00:00:00
30090,False,Ms.,Christie,J.,Trujillo,None,A Typical Bike Shop,adventure-works\jillian0,christie0@adventure-works.com,686-555-0180,VWZMnmAlCwxvJOjzebXyjCeFgHg6VcKqDb6g/BJXULc=,/tv9aHA=,76a81a79-27ac-4375-bb24-2a360b9471ee,2005-09-01 00:00:00
30093,False,Ms.,Phyllis,B.,Tuffield,None,Fasteners & Bolts Outlet,adventure-works\garrett1,phyllis3@adventure-works.com,277-555-0182,95PLNarmtKePNK2WYvZZ8U/arYSs9EJoBoh2P7GHCCs=,MLAW5PQ=,0f8fb794-1025-4bff-8219-2f19e09dc4ab,2007-08-01 00:00:00
30094,False,Mr.,Sairaj,None,Uddin,None,Quantity Discounts,adventure-works\linda3,sairaj1@adventure-works.com,767-555-0193,S71ozp3yMBzUJk7fj4M8SRU+dElVKuXvieJDpDOvVv8=,iKVyEt4=,091ce76c-504b-46b9-9bbc-924cdc0c7b8d,2006-08-01 00:00:00
30095,False,Mr.,Sunil,None,Uppal,None,Swift Cycles,adventure-works\jillian0,sunil0@adventure-works.com,184-555-0187,agm2RVYpEMjc+OpNxGG7gujHre5Wv8c+QcQgm6orG2I=,Yqlwc+g=,f4038305-63bc-4aad-861c-30583be7fde7,2005-08-01 00:00:00
30098,False,Ms.,Esther,K.,Valle,None,Large Bike Shop,adventure-works\garrett1,esther0@adventure-works.com,481-555-0131,70nGUIq7rO630L2/dv94XQ4HE2WWDpHISgy2OgtRANo=,HQA1TJE=,8ea3bf8e-37a9-439e-90ac-da1f8f8fa6f3,2006-07-01 00:00:00
30100,False,Mr.,Jessie,E.,Valerio,None,Wire Baskets and Parts,adventure-works\linda3,jessie0@adventure-works.com,103-555-0179,9EmEkovAOZzHdTYAXrsu3h3xgAvhMbHSs9Q8N+/CWao=,mgl/qso=,abc5d37c-0dab-42c0-aa94-3c688c6eae0e,2005-08-01 00:00:00
30102,False,Mr.,Roger,None,Van Houten,None,Sports Store,adventure-works\jae0,roger2@adventure-works.com,1 (11) 500 555-0110,C0yLsx6zITh7lXoIPgG1bl1t5II3nx4GYi/RaS1yB84=,WnTAc/0=,0ee7e95d-f12d-4d0d-8c6e-c64a0dda719a,2006-12-01 00:00:00
30104,False,Ms.,Rose,M.,Vandenouer,None,Extended Tours,adventure-works\jae0,rose1@adventure-works.com,1 (11) 500 555-0140,X6Rw044/W0OFsOl+AJSD6WZFTsjbaCa3sn719STdi0Y=,tRFzZLs=,aa874cb8-c96f-44de-93bf-c1311238bd1d,2006-07-01 00:00:00
30105,False,Mr.,Gregory,T.,Vanderbout,Jr.,Convenient Sales and Service,adventure-works\pamela0,gregory1@adventure-works.com,684-555-0134,syI1UO2qeBH9g2tg2nu3DTejZc7OEShGw8jxOqXfATY=,FAw6ojc=,67ca966e-b20f-4230-b81c-42f0919d3ee6,2006-09-01 00:00:00
30106,False,Mr.,Michael,None,Vanderhyde,None,Solid Bike Parts,adventure-works\jillian0,michael25@adventure-works.com,918-555-0141,/upSM1yXqGCA1vtYL9IB/NcKFrE3cg7HvqSYGTsQprM=,uXetzTc=,ca0d950a-a3fe-41c6-9b1a-125a5002dafa,2005-09-01 00:00:00
30107,False,Ms.,Margaret,J.,Vanderkamp,None,Permanent Finish Products,adventure-works\shu0,margaret2@adventure-works.com,265-555-0143,TUk6pzHyHoA6CadqZKdfwfCKtp3f4RhQ07VWCDZDKIM=,osDZuYo=,ac07da4a-9fb0-4832-8219-5b6d43dd13d8,2005-08-01 00:00:00
30108,False,Ms.,Kara,N.,Vanderlinden,None,Mercantile Outlet,adventure-works\josé1,kara0@adventure-works.com,680-555-0160,grGra0LtVSrZMZySvhV+ggFwVRSDpwDd39a18q68CD0=,kc4E3DA=,a588ee77-50ee-445f-989b-e8dd9b31d587,2006-08-01 00:00:00
30109,False,Mr.,Nieves,J.,Vargas,II,Exhilarating Cycles,adventure-works\michael9,nieves0@adventure-works.com,371-555-0184,dG3/Y2fWXOAgE37z4Vj0K7ejAxDbv9M902ByQTjdng4=,/PSiwRg=,71f5e3bb-78bd-426f-b75a-eeb76dc21473,2006-07-01 00:00:00
30110,False,Mr.,Gary,T,Vargas,None,Exercise Center,adventure-works\shu0,gary6@adventure-works.com,112-555-0176,WH8bTbYkazE9T0ktiZYIAYDdJXsvjr2zbLiT3gxR6zk=,Zkv5OCw=,4460c7aa-fe06-4d56-98cb-6de6e050d73a,2006-09-01 00:00:00
30111,False,Mr.,Ranjit,Rudra,Varkey Chudukatil,None,Great Bicycle Supply,adventure-works\jillian0,ranjit1@adventure-works.com,810-555-0160,VTpXtJAiSxeJraHh5mkwwAsGYMllZYzsOBpb2cu8rrQ=,FNe76Vk=,d414d91f-8abe-47de-a576-ddd881e955dc,2005-08-01 00:00:00
30112,False,Ms.,Patricia,M.,Vasquez,None,Mail-Order Outlet,adventure-works\pamela0,patricia2@adventure-works.com,490-555-0132,v0bxLRLRKYxwN8fiORyJkpXaYZpCRhgfNNkwQnylFrE=,WTZFkow=,b2e90958-4a9b-40f9-a8d8-091600b856b2,2006-08-01 00:00:00
30113,False,Mr.,Raja,D.,Venugopal,None,Nearby Cycle Shop,adventure-works\jae0,raja0@adventure-works.com,1 (11) 500 555-0195,lx5a4+AFGzH6mzjz6hpiR9scxbYGX8OcqFpv/cI6yFs=,hSwmBWk=,84975c44-dc82-49d3-bfc4-8f31b4c8e994,2006-09-01 00:00:00
30115,False,Ms.,Dora,P.,Verdad,None,Retreat Inn,adventure-works\josé1,dora0@adventure-works.com,155-555-0140,RgzxIE8hSY/z6iJnmDYMZWdJTQBRaWKI7UaZhAPhPxY=,jYD20wc=,e4cf8fd5-30a4-4b8e-8fd8-47032e255778,2006-08-01 00:00:00
30116,False,Ms.,Wanda,F.,Vernon,None,Technical Parts Manufacturing,adventure-works\shu0,wanda0@adventure-works.com,433-555-0168,hNQpZV8787KyeDWfllnZWzY+l8DFEYTnwoZZzYtusi0=,HDCU1Bk=,ec409609-d25d-41b8-9d15-a1aa6e89fc77,2007-07-01 00:00:00
30117,False,Mr.,Robert,R.,Vessa,None,Totes & Baskets Company,adventure-works\jillian0,robert13@adventure-works.com,560-555-0171,UWGC2U8F7AUNA2FuiT4agrBoxAFskHGQSxqP39B7zLQ=,iES3IZA=,6f08e2fb-1cd3-4f6e-a2e6-385669598b19,2005-08-01 00:00:00
30118,False,Ms.,Caroline,A.,Vicknair,None,World of Bikes,adventure-works\jillian0,caroline0@adventure-works.com,695-555-0158,U1/CrPqSzwLTtwgBehfpIl7f1LHSFpZw1qnG1sMzFjo=,QhHP+y8=,2495b4eb-fe8b-459e-a1b6-dba25c04e626,2006-09-01 00:00:00
