productid,name,productnumber,color,standardcost,listprice,size,weight,productcategoryid,productmodelid,sellstartdate,sellenddate,discontinueddate,thumbnailphoto,thumbnailphotofilename,rowguid,modifieddate
680,HL Road Frame - Black, 58,FR-R92B-58,Black,1059.3100,1431.5000,58,1016.04,18,6,2002-06-01 00:00:00,None,None,<memory at 0x7faf81157580>,no_image_available_small.gif,43dd68d6-14a4-461f-9069-55309d90ea7e,2008-03-11 10:01:36.827000
706,HL Road Frame - Red, 58,FR-R92R-58,Red,1059.3100,1431.5000,58,1016.04,18,6,2002-06-01 00:00:00,None,None,<memory at 0x7faf81310b80>,no_image_available_small.gif,9540ff17-2712-4c90-a3d1-8ce5568b2462,2008-03-11 10:01:36.827000
707,Sport-100 Helmet, Red,HL-U509-R,Red,13.0863,34.9900,None,None,35,33,2005-07-01 00:00:00,None,None,<memory at 0x7faf8243d400>,no_image_available_small.gif,2e1ef41a-c08a-4ff6-8ada-bde58b64a712,2008-03-11 10:01:36.827000
708,Sport-100 Helmet, Black,HL-U509,Black,13.0863,34.9900,None,None,35,33,2005-07-01 00:00:00,None,None,<memory at 0x7faf810ded00>,no_image_available_small.gif,a25a44fb-c2de-4268-958f-110b8d7621e2,2008-03-11 10:01:36.827000
709,Mountain Bike Socks, M,SO-B909-M,White,3.3963,9.5000,M,None,27,18,2005-07-01 00:00:00,2006-06-30 00:00:00,None,<memory at 0x7faf810de700>,no_image_available_small.gif,18f95f47-1540-4e02-8f1f-cc1bcb6828d0,2008-03-11 10:01:36.827000
710,Mountain Bike Socks, L,SO-B909-L,White,3.3963,9.5000,L,None,27,18,2005-07-01 00:00:00,2006-06-30 00:00:00,None,<memory at 0x7faf810deb80>,no_image_available_small.gif,161c035e-21b3-4e14-8e44-af508f35d80a,2008-03-11 10:01:36.827000
773,Mountain-100 Silver, 44,BK-M82S-44,Silver,1912.1544,3399.9900,44,9584.36,5,19,2005-07-01 00:00:00,2006-06-30 00:00:00,None,<memory at 0x7faf810de940>,superlight_silver_small.gif,155fd77e-d6d6-43f0-8a5b-4a8305eb45cd,2008-03-11 10:01:36.827000
774,Mountain-100 Silver, 48,BK-M82S-48,Silver,1912.1544,3399.9900,48,9715.90,5,19,2005-07-01 00:00:00,2006-06-30 00:00:00,None,<memory at 0x7faf810dee80>,superlight_silver_small.gif,ba5551df-c9ee-4b43-b3ca-8c19d0f9384d,2008-03-11 10:01:36.827000
775,Mountain-100 Black, 38,BK-M82B-38,Black,1898.0944,3374.9900,38,9230.56,5,19,2005-07-01 00:00:00,2006-06-30 00:00:00,None,<memory at 0x7faf810dea00>,superlight_black_small.gif,dea33347-fcd3-4346-aa0f-068cd6b3ad06,2008-03-11 10:01:36.827000
711,Sport-100 Helmet, Blue,HL-U509-B,Blue,13.0863,34.9900,None,None,35,33,2005-07-01 00:00:00,None,None,<memory at 0x7faf810deac0>,no_image_available_small.gif,fd7c0858-4179-48c2-865b-abd5dfc7bc1d,2008-03-11 10:01:36.827000
712,AWC Logo Cap,CA-1098,Multi,6.9223,8.9900,None,None,23,2,2005-07-01 00:00:00,None,None,<memory at 0x7faf810dec40>,no_image_available_small.gif,b9ede243-a6f4-4629-b1d4-ffe1aedc6de7,2008-03-11 10:01:36.827000
713,Long-Sleeve Logo Jersey, S,LJ-0192-S,Multi,38.4923,49.9900,S,None,25,11,2005-07-01 00:00:00,None,None,<memory at 0x7faf810dedc0>,awc_jersey_male_small.gif,fd449c82-a259-4fae-8584-6ca0255faf68,2008-03-11 10:01:36.827000
714,Long-Sleeve Logo Jersey, M,LJ-0192-M,Multi,38.4923,49.9900,M,None,25,11,2005-07-01 00:00:00,None,None,<memory at 0x7faf806a8040>,awc_jersey_male_small.gif,6a290063-a0cf-432a-8110-2ea0fda14308,2008-03-11 10:01:36.827000
715,Long-Sleeve Logo Jersey, L,LJ-0192-L,Multi,38.4923,49.9900,L,None,25,11,2005-07-01 00:00:00,None,None,<memory at 0x7faf806a8100>,awc_jersey_male_small.gif,34cf5ef5-c077-4ea0-914a-084814d5cbd5,2008-03-11 10:01:36.827000
716,Long-Sleeve Logo Jersey, XL,LJ-0192-X,Multi,38.4923,49.9900,XL,None,25,11,2005-07-01 00:00:00,None,None,<memory at 0x7faf806a81c0>,awc_jersey_male_small.gif,6ec47ec9-c041-4dda-b686-2125d539ce9b,2008-03-11 10:01:36.827000
717,HL Road Frame - Red, 62,FR-R92R-62,Red,868.6342,1431.5000,62,1043.26,18,6,2005-07-01 00:00:00,None,None,<memory at 0x7faf806a8280>,no_image_available_small.gif,052e4f8b-0a2a-46b2-9f42-10febcfae416,2008-03-11 10:01:36.827000
718,HL Road Frame - Red, 44,FR-R92R-44,Red,868.6342,1431.5000,44,961.61,18,6,2005-07-01 00:00:00,None,None,<memory at 0x7faf806a8340>,no_image_available_small.gif,a88d3b54-2cae-43f2-8c6e-ea1d97b46a7c,2008-03-11 10:01:36.827000
719,HL Road Frame - Red, 48,FR-R92R-48,Red,868.6342,1431.5000,48,979.75,18,6,2005-07-01 00:00:00,None,None,<memory at 0x7faf806a8400>,no_image_available_small.gif,07befc9a-7634-402b-b234-d7797733baaf,2008-03-11 10:01:36.827000
776,Mountain-100 Black, 42,BK-M82B-42,Black,1898.0944,3374.9900,42,9421.06,5,19,2005-07-01 00:00:00,2006-06-30 00:00:00,None,<memory at 0x7faf806a84c0>,superlight_black_small.gif,02935111-a546-4c6d-941f-be12d42c158e,2008-03-11 10:01:36.827000
777,Mountain-100 Black, 44,BK-M82B-44,Black,1898.0944,3374.9900,44,9584.36,5,19,2005-07-01 00:00:00,2006-06-30 00:00:00,None,<memory at 0x7faf806a8580>,superlight_black_small.gif,7920bc3b-8fd4-4610-93d2-e693a66b6474,2008-03-11 10:01:36.827000
778,Mountain-100 Black, 48,BK-M82B-48,Black,1898.0944,3374.9900,48,9715.90,5,19,2005-07-01 00:00:00,2006-06-30 00:00:00,None,<memory at 0x7faf806a8640>,superlight_black_small.gif,1b486300-7e64-4c5d-a9ba-a8368e20c5a0,2008-03-11 10:01:36.827000
779,Mountain-200 Silver, 38,BK-M68S-38,Silver,1265.6195,2319.9900,38,10591.33,5,20,2006-07-01 00:00:00,None,None,<memory at 0x7faf806a8700>,hotrodbike_silver_small.gif,3a45d835-abae-4806-ac03-c53abcd3b974,2008-03-11 10:01:36.827000
780,Mountain-200 Silver, 42,BK-M68S-42,Silver,1265.6195,2319.9900,42,10781.83,5,20,2006-07-01 00:00:00,None,None,<memory at 0x7faf806a87c0>,hotrodbike_silver_small.gif,ce4849b4-56e6-4b50-808b-9bde67cc4704,2008-03-11 10:01:36.827000
720,HL Road Frame - Red, 52,FR-R92R-52,Red,868.6342,1431.5000,52,997.90,18,6,2005-07-01 00:00:00,None,None,<memory at 0x7faf806a8880>,no_image_available_small.gif,fcfea68f-310e-4e6e-9f99-bb17d011ebae,2008-03-11 10:01:36.827000
721,HL Road Frame - Red, 56,FR-R92R-56,Red,868.6342,1431.5000,56,1016.04,18,6,2005-07-01 00:00:00,None,None,<memory at 0x7faf806a8940>,no_image_available_small.gif,56c85873-4993-41b4-8096-1067cfd7e4bd,2008-03-11 10:01:36.827000
722,LL Road Frame - Black, 58,FR-R38B-58,Black,204.6251,337.2200,58,1115.83,18,9,2005-07-01 00:00:00,None,None,<memory at 0x7faf806a8a00>,no_image_available_small.gif,2140f256-f705-4d67-975d-32de03265838,2008-03-11 10:01:36.827000
723,LL Road Frame - Black, 60,FR-R38B-60,Black,204.6251,337.2200,60,1124.90,18,9,2005-07-01 00:00:00,None,None,<memory at 0x7faf806a8ac0>,no_image_available_small.gif,aa95e2a5-e7c4-4b74-b1ea-b52ee3b51537,2008-03-11 10:01:36.827000
724,LL Road Frame - Black, 62,FR-R38B-62,Black,204.6251,337.2200,62,1133.98,18,9,2005-07-01 00:00:00,None,None,<memory at 0x7faf806a8b80>,no_image_available_small.gif,5247be33-50bf-4527-8a30-a39aae500a8e,2008-03-11 10:01:36.827000
725,LL Road Frame - Red, 44,FR-R38R-44,Red,187.1571,337.2200,44,1052.33,18,9,2005-07-01 00:00:00,2007-06-30 00:00:00,None,<memory at 0x7faf806a8c40>,no_image_available_small.gif,137d319d-44ad-42b2-ab61-60b9ce52b5f2,2008-03-11 10:01:36.827000
781,Mountain-200 Silver, 46,BK-M68S-46,Silver,1265.6195,2319.9900,46,10945.13,5,20,2006-07-01 00:00:00,None,None,<memory at 0x7faf806a8d00>,hotrodbike_silver_small.gif,20799030-420c-496a-9922-09189c2b457e,2008-03-11 10:01:36.827000
782,Mountain-200 Black, 38,BK-M68B-38,Black,1251.9813,2294.9900,38,10591.33,5,20,2006-07-01 00:00:00,None,None,<memory at 0x7faf806a8dc0>,hotrodbike_black_small.gif,82cb8f9b-b8bb-4841-98d3-bcdb807c4dd8,2008-03-11 10:01:36.827000
783,Mountain-200 Black, 42,BK-M68B-42,Black,1251.9813,2294.9900,42,10781.83,5,20,2006-07-01 00:00:00,None,None,<memory at 0x7faf806a8e80>,hotrodbike_black_small.gif,2b0af5b9-7571-4621-b760-47df599f9650,2008-03-11 10:01:36.827000
726,LL Road Frame - Red, 48,FR-R38R-48,Red,187.1571,337.2200,48,1070.47,18,9,2005-07-01 00:00:00,2007-06-30 00:00:00,None,<memory at 0x7faf806a8f40>,no_image_available_small.gif,35213547-275f-4767-805d-c8a4b8e13745,2008-03-11 10:01:36.827000
727,LL Road Frame - Red, 52,FR-R38R-52,Red,187.1571,337.2200,52,1088.62,18,9,2005-07-01 00:00:00,2007-06-30 00:00:00,None,<memory at 0x7faf806a2040>,no_image_available_small.gif,c455e0b3-d716-419d-abf0-7e03efdd2e26,2008-03-11 10:01:36.827000
728,LL Road Frame - Red, 58,FR-R38R-58,Red,187.1571,337.2200,58,1115.83,18,9,2005-07-01 00:00:00,2007-06-30 00:00:00,None,<memory at 0x7faf806a2100>,no_image_available_small.gif,799a56ff-5ad2-41b3-bfac-528b477ad129,2008-03-11 10:01:36.827000
729,LL Road Frame - Red, 60,FR-R38R-60,Red,187.1571,337.2200,60,1124.90,18,9,2005-07-01 00:00:00,2007-06-30 00:00:00,None,<memory at 0x7faf806a21c0>,no_image_available_small.gif,1784bb14-d1f5-4b24-92da-9127ad179302,2008-03-11 10:01:36.827000
730,LL Road Frame - Red, 62,FR-R38R-62,Red,187.1571,337.2200,62,1133.98,18,9,2005-07-01 00:00:00,2007-06-30 00:00:00,None,<memory at 0x7faf806a2280>,no_image_available_small.gif,7e73aa1f-8569-4d87-9f80-ac2e513e0803,2008-03-11 10:01:36.827000
731,ML Road Frame - Red, 44,FR-R72R-44,Red,352.1394,594.8300,44,1006.97,18,16,2005-07-01 00:00:00,2006-06-30 00:00:00,None,<memory at 0x7faf806a2340>,no_image_available_small.gif,459e041c-3234-409e-b4cd-81728f8a2398,2008-03-11 10:01:36.827000
784,Mountain-200 Black, 46,BK-M68B-46,Black,1251.9813,2294.9900,46,10945.13,5,20,2006-07-01 00:00:00,None,None,<memory at 0x7faf806a2400>,hotrodbike_black_small.gif,33f42284-e216-4b98-ba48-b4ee18a01fa0,2008-03-11 10:01:36.827000
785,Mountain-300 Black, 38,BK-M47B-38,Black,598.4354,1079.9900,38,11498.51,5,21,2006-07-01 00:00:00,2007-06-30 00:00:00,None,<memory at 0x7faf806a24c0>,hotrodbike_black_small.gif,f06c2cbf-0901-4c08-80ed-fb4e87171b3b,2008-03-11 10:01:36.827000
732,ML Road Frame - Red, 48,FR-R72R-48,Red,352.1394,594.8300,48,1025.11,18,16,2005-07-01 00:00:00,2006-06-30 00:00:00,None,<memory at 0x7faf806a2580>,no_image_available_small.gif,b673189c-c042-413b-8194-73bc44b0492c,2008-03-11 10:01:36.827000
733,ML Road Frame - Red, 52,FR-R72R-52,Red,352.1394,594.8300,52,1043.26,18,16,2005-07-01 00:00:00,2006-06-30 00:00:00,None,<memory at 0x7faf806a2640>,no_image_available_small.gif,55ea276b-82d8-4ccb-9ab1-9b1b75b15a83,2008-03-11 10:01:36.827000
734,ML Road Frame - Red, 58,FR-R72R-58,Red,352.1394,594.8300,58,1070.47,18,16,2005-07-01 00:00:00,2006-06-30 00:00:00,None,<memory at 0x7faf806a2700>,no_image_available_small.gif,df4ce1e2-ba9a-4657-b999-ccfa6c55d9c1,2008-03-11 10:01:36.827000
735,ML Road Frame - Red, 60,FR-R72R-60,Red,352.1394,594.8300,60,1079.54,18,16,2005-07-01 00:00:00,2006-06-30 00:00:00,None,<memory at 0x7faf806a27c0>,no_image_available_small.gif,b2e48e8c-63a5-469a-ba4c-4f5ebb1104a4,2008-03-11 10:01:36.827000
736,LL Road Frame - Black, 44,FR-R38B-44,Black,204.6251,337.2200,44,1052.33,18,9,2005-07-01 00:00:00,None,None,<memory at 0x7faf806a2880>,no_image_available_small.gif,c9967889-f490-4a66-943a-bce432e938d8,2008-03-11 10:01:36.827000
737,LL Road Frame - Black, 48,FR-R38B-48,Black,204.6251,337.2200,48,1070.47,18,9,2005-07-01 00:00:00,None,None,<memory at 0x7faf806a2940>,no_image_available_small.gif,3b5f29b6-a441-4ff7-a0fa-fad10e2ceb4c,2008-03-11 10:01:36.827000
786,Mountain-300 Black, 40,BK-M47B-40,Black,598.4354,1079.9900,40,11689.01,5,21,2006-07-01 00:00:00,2007-06-30 00:00:00,None,<memory at 0x7faf806a2a00>,hotrodbike_black_small.gif,580d4322-be03-4c91-83d2-ee33ec6008ab,2008-03-11 10:01:36.827000
787,Mountain-300 Black, 44,BK-M47B-44,Black,598.4354,1079.9900,44,11852.31,5,21,2006-07-01 00:00:00,2007-06-30 00:00:00,None,<memory at 0x7faf806a2ac0>,hotrodbike_black_small.gif,07c2a548-0452-47b4-9dce-6edb0a30c85e,2008-03-11 10:01:36.827000
738,LL Road Frame - Black, 52,FR-R38B-52,Black,204.6251,337.2200,52,1088.62,18,9,2005-07-01 00:00:00,None,None,<memory at 0x7faf806a2b80>,no_image_available_small.gif,18fc5d72-a012-4dc7-bb35-0d01a84d0219,2008-03-11 10:01:36.827000
739,HL Mountain Frame - Silver, 42,FR-M94S-42,Silver,747.2002,1364.5000,42,1233.76,16,5,2005-07-01 00:00:00,None,None,<memory at 0x7faf806a2c40>,frame_silver_small.gif,8ae32663-8d6f-457d-8343-5b181fec43a7,2008-03-11 10:01:36.827000
740,HL Mountain Frame - Silver, 44,FR-M94S-44,Silver,706.8110,1364.5000,44,1251.91,16,5,2005-07-01 00:00:00,2006-06-30 00:00:00,None,<memory at 0x7faf806a2d00>,frame_silver_small.gif,1909c60c-c490-411d-b3e6-12ddd7832482,2008-03-11 10:01:36.827000
741,HL Mountain Frame - Silver, 48,FR-M94S-52,Silver,706.8110,1364.5000,48,1270.05,16,5,2005-07-01 00:00:00,2006-06-30 00:00:00,None,<memory at 0x7faf806a2dc0>,frame_silver_small.gif,b181ec1f-ca20-4724-b2eb-15f3e455142e,2008-03-11 10:01:36.827000
742,HL Mountain Frame - Silver, 46,FR-M94S-46,Silver,747.2002,1364.5000,46,1288.20,16,5,2005-07-01 00:00:00,None,None,<memory at 0x7faf806a2e80>,frame_silver_small.gif,a189d86e-d923-4336-b13d-a5db6f426540,2008-03-11 10:01:36.827000
743,HL Mountain Frame - Black, 42,FR-M94B-42,Black,739.0410,1349.6000,42,1233.76,16,5,2005-07-01 00:00:00,None,None,<memory at 0x7faf806a2f40>,frame_black_small.gif,27db28f8-5ab8-4091-b94e-6f1b2d8e7ab0,2008-03-11 10:01:36.827000
744,HL Mountain Frame - Black, 44,FR-M94B-44,Black,699.0928,1349.6000,44,1251.91,16,5,2005-07-01 00:00:00,2006-06-30 00:00:00,None,<memory at 0x7faf80680040>,frame_black_small.gif,cb443286-6b25-409f-a10b-1ad4eeb4bd4e,2008-03-11 10:01:36.827000
745,HL Mountain Frame - Black, 48,FR-M94B-48,Black,699.0928,1349.6000,48,1270.05,16,5,2005-07-01 00:00:00,2006-06-30 00:00:00,None,<memory at 0x7faf80680100>,frame_black_small.gif,1fee0573-6676-432d-8d6d-41ba9faa5865,2008-03-11 10:01:36.827000
746,HL Mountain Frame - Black, 46,FR-M94B-46,Black,739.0410,1349.6000,46,1288.20,16,5,2005-07-01 00:00:00,None,None,<memory at 0x7faf806801c0>,frame_black_small.gif,50abebcb-451e-42b9-8dbb-e5c4a34470e9,2008-03-11 10:01:36.827000
747,HL Mountain Frame - Black, 38,FR-M94B-38,Black,739.0410,1349.6000,38,1215.62,16,5,2005-07-01 00:00:00,None,None,<memory at 0x7faf80680280>,frame_black_small.gif,0c548577-3171-4ce2-b9a0-1ed526849de8,2008-03-11 10:01:36.827000
748,HL Mountain Frame - Silver, 38,FR-M94S-38,Silver,747.2002,1364.5000,38,1215.62,16,5,2005-07-01 00:00:00,None,None,<memory at 0x7faf80680340>,frame_silver_small.gif,f246acaa-a80b-40ec-9208-02edef885129,2008-03-11 10:01:36.827000
749,Road-150 Red, 62,BK-R93R-62,Red,2171.2942,3578.2700,62,6803.85,6,25,2005-07-01 00:00:00,2006-06-30 00:00:00,None,<memory at 0x7faf80680400>,superlight_red_small.gif,bc621e1f-2553-4fdc-b22e-5e44a9003569,2008-03-11 10:01:36.827000
750,Road-150 Red, 44,BK-R93R-44,Red,2171.2942,3578.2700,44,6245.93,6,25,2005-07-01 00:00:00,2006-06-30 00:00:00,None,<memory at 0x7faf806804c0>,superlight_red_small.gif,c19e1136-5da4-4b40-8758-54a85d7ea494,2008-03-11 10:01:36.827000
751,Road-150 Red, 48,BK-R93R-48,Red,2171.2942,3578.2700,48,6409.23,6,25,2005-07-01 00:00:00,2006-06-30 00:00:00,None,<memory at 0x7faf80680580>,superlight_red_small.gif,d10b7cc1-455e-435b-a08f-ec5b1c5776e9,2008-03-11 10:01:36.827000
752,Road-150 Red, 52,BK-R93R-52,Red,2171.2942,3578.2700,52,6540.77,6,25,2005-07-01 00:00:00,2006-06-30 00:00:00,None,<memory at 0x7faf80680640>,superlight_red_small.gif,5e085ba0-3cd5-487f-85bb-79ed1c701f23,2008-03-11 10:01:36.827000
753,Road-150 Red, 56,BK-R93R-56,Red,2171.2942,3578.2700,56,6658.70,6,25,2005-07-01 00:00:00,2006-06-30 00:00:00,None,<memory at 0x7faf80680700>,superlight_red_small.gif,30819b88-f0d3-4e7a-8105-19f6fac2cefb,2008-03-11 10:01:36.827000
754,Road-450 Red, 58,BK-R68R-58,Red,884.7083,1457.9900,58,8069.37,6,28,2005-07-01 00:00:00,2006-06-30 00:00:00,None,<memory at 0x7faf806807c0>,roadster_red_small.gif,40d5effa-c0c4-479f-af66-5f1bf8ed3bfb,2008-03-11 10:01:36.827000
755,Road-450 Red, 60,BK-R68R-60,Red,884.7083,1457.9900,60,8119.26,6,28,2005-07-01 00:00:00,2006-06-30 00:00:00,None,<memory at 0x7faf80680880>,roadster_red_small.gif,181a90cb-3678-490e-8418-78f73fb5343d,2008-03-11 10:01:36.827000
756,Road-450 Red, 44,BK-R68R-44,Red,884.7083,1457.9900,44,7606.70,6,28,2005-07-01 00:00:00,2006-06-30 00:00:00,None,<memory at 0x7faf80680940>,roadster_red_small.gif,f8b5e26a-3d33-4e39-b500-cc21a133062e,2008-03-11 10:01:36.827000
757,Road-450 Red, 48,BK-R68R-48,Red,884.7083,1457.9900,48,7770.00,6,28,2005-07-01 00:00:00,2006-06-30 00:00:00,None,<memory at 0x7faf80680a00>,roadster_red_small.gif,c72c9978-0b04-46b3-9de6-948feca1c86e,2008-03-11 10:01:36.827000
758,Road-450 Red, 52,BK-R68R-52,Red,884.7083,1457.9900,52,7901.54,6,28,2005-07-01 00:00:00,2006-06-30 00:00:00,None,<memory at 0x7faf80680ac0>,roadster_red_small.gif,040a4b7d-4060-4507-aa92-7508b434797e,2008-03-11 10:01:36.827000
759,Road-650 Red, 58,BK-R50R-58,Red,486.7066,782.9900,58,8976.55,6,30,2005-07-01 00:00:00,2007-06-30 00:00:00,None,<memory at 0x7faf80680b80>,superlight_red_small.gif,6711d6bc-664f-4890-9f69-af1de321d055,2008-03-11 10:01:36.827000
760,Road-650 Red, 60,BK-R50R-60,Red,486.7066,782.9900,60,9026.44,6,30,2005-07-01 00:00:00,2007-06-30 00:00:00,None,<memory at 0x7faf80680c40>,superlight_red_small.gif,664867e5-4ab3-4783-96f9-42efde92f49b,2008-03-11 10:01:36.827000
761,Road-650 Red, 62,BK-R50R-62,Red,486.7066,782.9900,62,9071.80,6,30,2005-07-01 00:00:00,2007-06-30 00:00:00,None,<memory at 0x7faf80680d00>,superlight_red_small.gif,1da14e09-6d71-4e2a-9ee9-1bdfdfd8a109,2008-03-11 10:01:36.827000
762,Road-650 Red, 44,BK-R50R-44,Red,486.7066,782.9900,44,8513.88,6,30,2005-07-01 00:00:00,2007-06-30 00:00:00,None,<memory at 0x7faf80680dc0>,superlight_red_small.gif,f247aaae-12e3-4048-a37b-cce4a8999e81,2008-03-11 10:01:36.827000
763,Road-650 Red, 48,BK-R50R-48,Red,486.7066,782.9900,48,8677.18,6,30,2005-07-01 00:00:00,2007-06-30 00:00:00,None,<memory at 0x7faf80680e80>,superlight_red_small.gif,3da5fa6e-9e0f-4896-ac10-948c27f4eb79,2008-03-11 10:01:36.827000
764,Road-650 Red, 52,BK-R50R-52,Red,486.7066,782.9900,52,8808.72,6,30,2005-07-01 00:00:00,2007-06-30 00:00:00,None,<memory at 0x7faf80680f40>,superlight_red_small.gif,07cfe1ea-8a37-4d2a-835f-bc8d37e564af,2008-03-11 10:01:36.827000
765,Road-650 Black, 58,BK-R50B-58,Black,486.7066,782.9900,58,8976.55,6,30,2005-07-01 00:00:00,2007-06-30 00:00:00,None,<memory at 0x7faf8069f040>,superlight_black_small.gif,74645b12-3ce9-49a6-bd96-2cd814b37420,2008-03-11 10:01:36.827000
766,Road-650 Black, 60,BK-R50B-60,Black,486.7066,782.9900,60,9026.44,6,30,2005-07-01 00:00:00,2007-06-30 00:00:00,None,<memory at 0x7faf8069f100>,superlight_black_small.gif,a2db196d-6640-49ea-a84f-2e87ca6f50c6,2008-03-11 10:01:36.827000
767,Road-650 Black, 62,BK-R50B-62,Black,486.7066,782.9900,62,9071.80,6,30,2005-07-01 00:00:00,2007-06-30 00:00:00,None,<memory at 0x7faf8069f1c0>,superlight_black_small.gif,c82a8309-63d3-4c0c-ad71-e91272397095,2008-03-11 10:01:36.827000
768,Road-650 Black, 44,BK-R50B-44,Black,486.7066,782.9900,44,8513.88,6,30,2005-07-01 00:00:00,2007-06-30 00:00:00,None,<memory at 0x7faf8069f280>,superlight_black_small.gif,11d563ac-115c-4f0d-a1e5-e946eee8b38b,2008-03-11 10:01:36.827000
769,Road-650 Black, 48,BK-R50B-48,Black,486.7066,782.9900,48,8677.18,6,30,2005-07-01 00:00:00,2007-06-30 00:00:00,None,<memory at 0x7faf8069f340>,superlight_black_small.gif,a7e2179e-137c-497e-a5e6-c9ea64935fb0,2008-03-11 10:01:36.827000
770,Road-650 Black, 52,BK-R50B-52,Black,486.7066,782.9900,52,8808.72,6,30,2005-07-01 00:00:00,2007-06-30 00:00:00,None,<memory at 0x7faf8069f400>,superlight_black_small.gif,136e2865-e0da-4624-963a-31349279ab1a,2008-03-11 10:01:36.827000
771,Mountain-100 Silver, 38,BK-M82S-38,Silver,1912.1544,3399.9900,38,9230.56,5,19,2005-07-01 00:00:00,2006-06-30 00:00:00,None,<memory at 0x7faf8069f4c0>,superlight_silver_small.gif,ca74b54e-fc30-4464-8b83-019bfd1b2dbb,2008-03-11 10:01:36.827000
772,Mountain-100 Silver, 42,BK-M82S-42,Silver,1912.1544,3399.9900,42,9421.06,5,19,2005-07-01 00:00:00,2006-06-30 00:00:00,None,<memory at 0x7faf8069f580>,superlight_silver_small.gif,bbfff5a5-4bdc-49a9-a5ad-7584adffe808,2008-03-11 10:01:36.827000
788,Mountain-300 Black, 48,BK-M47B-48,Black,598.4354,1079.9900,48,11983.85,5,21,2006-07-01 00:00:00,2007-06-30 00:00:00,None,<memory at 0x7faf8069f640>,hotrodbike_black_small.gif,16078dbe-388d-4c18-aa8f-0c8f48035468,2008-03-11 10:01:36.827000
789,Road-250 Red, 44,BK-R89R-44,Red,1518.7864,2443.3500,44,6699.52,6,26,2006-07-01 00:00:00,2007-06-30 00:00:00,None,<memory at 0x7faf8069f700>,racer_red_small.gif,0aa71ad6-afaf-43c6-9745-35d815b50a5b,2008-03-11 10:01:36.827000
790,Road-250 Red, 48,BK-R89R-48,Red,1518.7864,2443.3500,48,6862.82,6,26,2006-07-01 00:00:00,2007-06-30 00:00:00,None,<memory at 0x7faf8069f7c0>,racer_red_small.gif,115ddade-70e3-43f9-80dc-638daea271c4,2008-03-11 10:01:36.827000
791,Road-250 Red, 52,BK-R89R-52,Red,1518.7864,2443.3500,52,6994.36,6,26,2006-07-01 00:00:00,2007-06-30 00:00:00,None,<memory at 0x7faf8069f880>,racer_red_small.gif,c9fd1df4-9512-420a-b379-067108033b75,2008-03-11 10:01:36.827000
792,Road-250 Red, 58,BK-R89R-58,Red,1554.9479,2443.3500,58,7162.19,6,26,2006-07-01 00:00:00,None,None,<memory at 0x7faf8069f940>,racer_red_small.gif,df629c11-8d8b-4774-9d52-ecb64dc95212,2008-03-11 10:01:36.827000
793,Road-250 Black, 44,BK-R89B-44,Black,1554.9479,2443.3500,44,6699.52,6,26,2006-07-01 00:00:00,None,None,<memory at 0x7faf8069fa00>,racer_black_small.gif,1ff419b5-52af-4f7e-aeae-4fec5e99de35,2008-03-11 10:01:36.827000
794,Road-250 Black, 48,BK-R89B-48,Black,1554.9479,2443.3500,48,6862.82,6,26,2006-07-01 00:00:00,None,None,<memory at 0x7faf8069fac0>,racer_black_small.gif,9d165ddf-8f5d-41c7-9bb8-13f41a3d1f62,2008-03-11 10:01:36.827000
795,Road-250 Black, 52,BK-R89B-52,Black,1554.9479,2443.3500,52,6994.36,6,26,2006-07-01 00:00:00,None,None,<memory at 0x7faf8069fb80>,racer_black_small.gif,74fe3957-cbc3-450a-ab92-849bd13530e2,2008-03-11 10:01:36.827000
796,Road-250 Black, 58,BK-R89B-58,Black,1554.9479,2443.3500,58,7112.29,6,26,2006-07-01 00:00:00,None,None,<memory at 0x7faf8069fc40>,racer_black_small.gif,1c530fe8-a169-4adc-b3dc-b11a48245e63,2008-03-11 10:01:36.827000
797,Road-550-W Yellow, 38,BK-R64Y-38,Yellow,713.0798,1120.4900,38,7869.79,6,29,2006-07-01 00:00:00,None,None,<memory at 0x7faf8069fd00>,racer02_yellow_f_small.gif,aad81532-a572-49a5-83c3-dfa9e3b4fea6,2008-03-11 10:01:36.827000
798,Road-550-W Yellow, 40,BK-R64Y-40,Yellow,713.0798,1120.4900,40,8060.29,6,29,2006-07-01 00:00:00,None,None,<memory at 0x7faf8069fdc0>,racer02_yellow_f_small.gif,a35a1c35-c128-4697-951e-4199062e78f3,2008-03-11 10:01:36.827000
799,Road-550-W Yellow, 42,BK-R64Y-42,Yellow,713.0798,1120.4900,42,8223.59,6,29,2006-07-01 00:00:00,None,None,<memory at 0x7faf8069fe80>,racer02_yellow_f_small.gif,a359ab09-16f2-4726-a60f-0dfdb1c9527e,2008-03-11 10:01:36.827000
800,Road-550-W Yellow, 44,BK-R64Y-44,Yellow,713.0798,1120.4900,44,8355.13,6,29,2006-07-01 00:00:00,None,None,<memory at 0x7faf8069ff40>,racer02_yellow_f_small.gif,0a7028fb-ff06-4d38-aaa1-b64816278165,2008-03-11 10:01:36.827000
801,Road-550-W Yellow, 48,BK-R64Y-48,Yellow,713.0798,1120.4900,48,8473.06,6,29,2006-07-01 00:00:00,None,None,<memory at 0x7faf806b6040>,racer02_yellow_f_small.gif,c90cc877-804c-4ce7-afc3-4c8791a13dfb,2008-03-11 10:01:36.827000
802,LL Fork,FK-1639,None,65.8097,148.2200,None,None,14,104,2006-07-01 00:00:00,2007-06-30 00:00:00,None,<memory at 0x7faf806b6100>,fork_small.gif,fb8502be-07eb-4134-ab06-c3a9959a52ae,2008-03-11 10:01:36.827000
803,ML Fork,FK-5136,None,77.9176,175.4900,None,None,14,105,2006-07-01 00:00:00,2007-06-30 00:00:00,None,<memory at 0x7faf806b61c0>,fork_small.gif,f5fa4e2f-b976-48a4-bf79-85632f697d2e,2008-03-11 10:01:36.827000
804,HL Fork,FK-9939,None,101.8936,229.4900,None,None,14,106,2006-07-01 00:00:00,2007-06-30 00:00:00,None,<memory at 0x7faf806b6280>,fork_small.gif,553229b3-1ad9-4a71-a21c-2af4332cfce9,2008-03-11 10:01:36.827000
805,LL Headset,HS-0296,None,15.1848,34.2000,None,None,15,59,2006-07-01 00:00:00,2007-06-30 00:00:00,None,<memory at 0x7faf806b6340>,no_image_available_small.gif,bb6bd7b3-a34d-4d64-822e-781fa6838e19,2008-03-11 10:01:36.827000
806,ML Headset,HS-2451,None,45.4168,102.2900,None,None,15,60,2006-07-01 00:00:00,2007-06-30 00:00:00,None,<memory at 0x7faf806b6400>,no_image_available_small.gif,23b5d52b-8c29-4059-b899-75c53b5ee2e6,2008-03-11 10:01:36.827000
807,HL Headset,HS-3479,None,55.3801,124.7300,None,None,15,61,2006-07-01 00:00:00,2007-06-30 00:00:00,None,<memory at 0x7faf806b64c0>,no_image_available_small.gif,12e4d5e8-79ed-4bcb-a532-6275d1a93417,2008-03-11 10:01:36.827000
808,LL Mountain Handlebars,HB-M243,None,19.7758,44.5400,None,None,8,52,2006-07-01 00:00:00,None,None,<memory at 0x7faf806b6580>,handlebar_small.gif,b59b7bf2-7afc-4a74-b063-f942f1e0da19,2008-03-11 10:01:36.827000
818,LL Road Front Wheel,FW-R623,Black,37.9909,85.5650,None,900.00,21,49,2006-07-01 00:00:00,2007-06-30 00:00:00,None,<memory at 0x7faf806b6640>,wheel_small.gif,9e66de78-decb-438a-b9a9-023c773c60a2,2008-03-11 10:01:36.827000
819,ML Road Front Wheel,FW-R762,Black,110.2829,248.3850,None,850.00,21,50,2006-07-01 00:00:00,2007-06-30 00:00:00,None,<memory at 0x7faf806b6700>,wheel_small.gif,6ea94fbf-b9aa-43fc-84e8-91d508dde751,2008-03-11 10:01:36.827000
820,HL Road Front Wheel,FW-R820,Black,146.5466,330.0600,None,650.00,21,51,2006-07-01 00:00:00,2007-06-30 00:00:00,None,<memory at 0x7faf806b67c0>,wheel_small.gif,727a3cd5-8d40-4884-a7e4-dfd3ffdeb164,2008-03-11 10:01:36.827000
821,Touring Front Wheel,FW-T905,Black,96.7964,218.0100,None,None,21,44,2006-07-01 00:00:00,2007-06-30 00:00:00,None,<memory at 0x7faf806b6880>,wheel_small.gif,8d1cdb07-4fa1-4ac1-840f-a16c3dca5009,2008-03-11 10:01:36.827000
809,ML Mountain Handlebars,HB-M763,None,27.4925,61.9200,None,None,8,54,2006-07-01 00:00:00,None,None,<memory at 0x7faf806b6940>,no_image_available_small.gif,ae6020df-d9c9-4d34-9795-1f80e6bbf5a5,2008-03-11 10:01:36.827000
810,HL Mountain Handlebars,HB-M918,None,53.3999,120.2700,None,None,8,55,2006-07-01 00:00:00,None,None,<memory at 0x7faf806b6a00>,no_image_available_small.gif,6aa0f921-0f09-4f99-8d3c-335946873553,2008-03-11 10:01:36.827000
811,LL Road Handlebars,HB-R504,None,19.7758,44.5400,None,None,8,56,2006-07-01 00:00:00,None,None,<memory at 0x7faf806b6ac0>,no_image_available_small.gif,acdae407-b40e-435e-8e84-1bfc33013e81,2008-03-11 10:01:36.827000
812,ML Road Handlebars,HB-R720,None,27.4925,61.9200,None,None,8,57,2006-07-01 00:00:00,None,None,<memory at 0x7faf806b6b80>,no_image_available_small.gif,33fa1a03-38d6-405e-be9b-eea92f3d204f,2008-03-11 10:01:36.827000
813,HL Road Handlebars,HB-R956,None,53.3999,120.2700,None,None,8,58,2006-07-01 00:00:00,None,None,<memory at 0x7faf806b6c40>,no_image_available_small.gif,5c5327b9-ad2e-4c33-8d74-edf49e0c2dd8,2008-03-11 10:01:36.827000
814,ML Mountain Frame - Black, 38,FR-M63B-38,Black,185.8193,348.7600,38,1238.30,16,15,2006-07-01 00:00:00,2007-06-30 00:00:00,None,<memory at 0x7faf806b6d00>,no_image_available_small.gif,0d879312-a7d3-441d-9d23-b6550bab3814,2008-03-11 10:01:36.827000
815,LL Mountain Front Wheel,FW-M423,Black,26.9708,60.7450,None,None,21,42,2006-07-01 00:00:00,2007-06-30 00:00:00,None,<memory at 0x7faf806b6dc0>,wheel_small.gif,d7b1d161-182e-44f6-a9ff-9c1eba76613b,2008-03-11 10:01:36.827000
816,ML Mountain Front Wheel,FW-M762,Black,92.8071,209.0250,None,None,21,45,2006-07-01 00:00:00,2007-06-30 00:00:00,None,<memory at 0x7faf806b6e80>,wheel_small.gif,5e3e5033-9a77-4dca-8b7f-dfed78efa08a,2008-03-11 10:01:36.827000
817,HL Mountain Front Wheel,FW-M928,Black,133.2955,300.2150,None,None,21,46,2006-07-01 00:00:00,2007-06-30 00:00:00,None,<memory at 0x7faf806b6f40>,wheel_small.gif,3c8ffff6-a8dc-45a3-963b-a6284ced7596,2008-03-11 10:01:36.827000
822,ML Road Frame-W - Yellow, 38,FR-R72Y-38,Yellow,360.9428,594.8300,38,988.83,18,17,2006-07-01 00:00:00,None,None,<memory at 0x7faf80c69040>,no_image_available_small.gif,22976fa7-0ad0-40f9-b4f9-ba10279ea1a3,2008-03-11 10:01:36.827000
823,LL Mountain Rear Wheel,RW-M423,Black,38.9588,87.7450,None,None,21,123,2006-07-01 00:00:00,2007-06-30 00:00:00,None,<memory at 0x7faf80c69100>,wheel_small.gif,e6c39f58-995f-4786-a309-df3812d8b30f,2008-03-11 10:01:36.827000
824,ML Mountain Rear Wheel,RW-M762,Black,104.7951,236.0250,None,None,21,124,2006-07-01 00:00:00,2007-06-30 00:00:00,None,<memory at 0x7faf80c691c0>,wheel_small.gif,b2f7cf9b-a7bf-49ab-9cca-9f6e791cd693,2008-03-11 10:01:36.827000
825,HL Mountain Rear Wheel,RW-M928,Black,145.2835,327.2150,None,None,21,125,2006-07-01 00:00:00,2007-06-30 00:00:00,None,<memory at 0x7faf80c69280>,wheel_small.gif,35d02edc-1120-41fb-b5df-8655a93b3353,2008-03-11 10:01:36.827000
826,LL Road Rear Wheel,RW-R623,Black,49.9789,112.5650,None,1050.00,21,126,2006-07-01 00:00:00,2007-06-30 00:00:00,None,<memory at 0x7faf80c69340>,wheel_small.gif,78d01117-8dcd-465f-9dc7-94a2cdc35582,2008-03-11 10:01:36.827000
827,ML Road Rear Wheel,RW-R762,Black,122.2709,275.3850,None,1000.00,21,77,2006-07-01 00:00:00,2007-06-30 00:00:00,None,<memory at 0x7faf80c69400>,wheel_small.gif,cf739f9a-0af0-4810-b229-c431a31d7779,2008-03-11 10:01:36.827000
828,HL Road Rear Wheel,RW-R820,Black,158.5346,357.0600,None,890.00,21,78,2006-07-01 00:00:00,2007-06-30 00:00:00,None,<memory at 0x7faf80c694c0>,wheel_small.gif,8f262a37-43aa-4ad5-ae1f-8bd6967d8e9b,2008-03-11 10:01:36.827000
829,Touring Rear Wheel,RW-T905,Black,108.7844,245.0100,None,None,21,43,2006-07-01 00:00:00,2007-06-30 00:00:00,None,<memory at 0x7faf80c69580>,wheel_small.gif,30d2254d-e26d-4586-b4c5-e8ccb8a059b8,2008-03-11 10:01:36.827000
830,ML Mountain Frame - Black, 40,FR-M63B-40,Black,185.8193,348.7600,40,1256.44,16,14,2006-07-01 00:00:00,2007-06-30 00:00:00,None,<memory at 0x7faf80c69640>,no_image_available_small.gif,aed1c9c4-c139-45d2-b38e-0a0a9f518665,2008-03-11 10:01:36.827000
831,ML Mountain Frame - Black, 44,FR-M63B-44,Black,185.8193,348.7600,44,1274.59,16,14,2006-07-01 00:00:00,2007-06-30 00:00:00,None,<memory at 0x7faf80c69700>,no_image_available_small.gif,3f2135d4-ec5f-4e30-bde8-5444518f0637,2008-03-11 10:01:36.827000
832,ML Mountain Frame - Black, 48,FR-M63B-48,Black,185.8193,348.7600,48,1292.73,16,14,2006-07-01 00:00:00,2007-06-30 00:00:00,None,<memory at 0x7faf80c697c0>,no_image_available_small.gif,c2009b69-f15a-47ec-b710-1809d299318a,2008-03-11 10:01:36.827000
833,ML Road Frame-W - Yellow, 40,FR-R72Y-40,Yellow,360.9428,594.8300,40,1006.97,18,17,2006-07-01 00:00:00,None,None,<memory at 0x7faf80c69880>,no_image_available_small.gif,22df26f2-60bc-493e-a14a-5500633e9f7e,2008-03-11 10:01:36.827000
955,Touring-1000 Yellow, 50,BK-T79Y-50,Yellow,1481.9379,2384.0700,50,11530.26,7,34,2007-07-01 00:00:00,None,None,<memory at 0x7faf80c69940>,julianax_r_02_yellow_small.gif,5ec991ad-8761-4a61-a318-312df3a78604,2008-03-11 10:01:36.827000
956,Touring-1000 Yellow, 54,BK-T79Y-54,Yellow,1481.9379,2384.0700,54,11648.19,7,34,2007-07-01 00:00:00,None,None,<memory at 0x7faf80c69a00>,julianax_r_02_yellow_small.gif,1220b0f0-064d-46b7-8507-1fa758b77b9c,2008-03-11 10:01:36.827000
834,ML Road Frame-W - Yellow, 42,FR-R72Y-42,Yellow,360.9428,594.8300,42,1025.11,18,17,2006-07-01 00:00:00,None,None,<memory at 0x7faf80c69ac0>,no_image_available_small.gif,207b54da-5404-415d-8578-9a45082e3bf1,2008-03-11 10:01:36.827000
835,ML Road Frame-W - Yellow, 44,FR-R72Y-44,Yellow,360.9428,594.8300,44,1043.26,18,17,2006-07-01 00:00:00,None,None,<memory at 0x7faf80c69b80>,no_image_available_small.gif,a0fad492-ac24-4fcf-8d2a-d21d06386ae1,2008-03-11 10:01:36.827000
836,ML Road Frame-W - Yellow, 48,FR-R72Y-48,Yellow,360.9428,594.8300,48,1061.40,18,17,2006-07-01 00:00:00,None,None,<memory at 0x7faf80c69c40>,no_image_available_small.gif,8487bfe0-2138-471e-9c6d-fdb3a67e7d86,2008-03-11 10:01:36.827000
837,HL Road Frame - Black, 62,FR-R92B-62,Black,868.6342,1431.5000,62,1043.26,18,6,2006-07-01 00:00:00,None,None,<memory at 0x7faf80c69d00>,no_image_available_small.gif,5dce9c8c-fb94-46f8-b826-11658f6a3682,2008-03-11 10:01:36.827000
838,HL Road Frame - Black, 44,FR-R92B-44,Black,868.6342,1431.5000,44,961.61,18,6,2006-07-01 00:00:00,None,None,<memory at 0x7faf80c69dc0>,no_image_available_small.gif,e4902656-a4bc-4b08-9d47-4f3da0fd76c3,2008-03-11 10:01:36.827000
839,HL Road Frame - Black, 48,FR-R92B-48,Black,868.6342,1431.5000,48,979.75,18,6,2006-07-01 00:00:00,None,None,<memory at 0x7faf80c69e80>,no_image_available_small.gif,557b603b-407b-41a4-ae34-4f7747866dba,2008-03-11 10:01:36.827000
957,Touring-1000 Yellow, 60,BK-T79Y-60,Yellow,1481.9379,2384.0700,60,11747.98,7,34,2007-07-01 00:00:00,None,None,<memory at 0x7faf80c69f40>,julianax_r_02_yellow_small.gif,bcd1a5a9-6140-4dc9-9620-689dc7e4c155,2008-03-11 10:01:36.827000
958,Touring-3000 Blue, 54,BK-T18U-54,Blue,461.4448,742.3500,54,13462.55,7,36,2007-07-01 00:00:00,None,None,<memory at 0x7faf80c4a040>,julianax_r_02_blue_small.gif,a3ee6897-52fe-42e4-92ec-7a91e7bb905a,2008-03-11 10:01:36.827000
840,HL Road Frame - Black, 52,FR-R92B-52,Black,868.6342,1431.5000,52,997.90,18,6,2006-07-01 00:00:00,None,None,<memory at 0x7faf80c4a100>,no_image_available_small.gif,0ed082b3-fbba-43af-9149-8741b9fc78c8,2008-03-11 10:01:36.827000
841,Men's Sports Shorts, S,SH-M897-S,Black,24.7459,59.9900,S,None,26,13,2006-07-01 00:00:00,2007-06-30 00:00:00,None,<memory at 0x7faf80c4a1c0>,shorts_male_small.gif,34b08c1f-99d1-43c4-8ef7-2cd754b6665d,2008-03-11 10:01:36.827000
842,Touring-Panniers, Large,PA-T100,Grey,51.5625,125.0000,None,None,39,120,2006-07-01 00:00:00,2007-06-30 00:00:00,None,<memory at 0x7faf80c4a280>,no_image_available_small.gif,56334fff-91d4-495e-bf98-933bc1010f23,2008-03-11 10:01:36.827000
843,Cable Lock,LO-C100,None,10.3125,25.0000,None,None,38,115,2006-07-01 00:00:00,2007-06-30 00:00:00,None,<memory at 0x7faf80c4a340>,bike_lock_small.gif,56ffd7b9-1014-4640-b1bd-b2649589b4d7,2008-03-11 10:01:36.827000
844,Minipump,PU-0452,None,8.2459,19.9900,None,None,40,116,2006-07-01 00:00:00,2007-06-30 00:00:00,None,<memory at 0x7faf80c4a400>,handpump_small.gif,aaf7a076-9ee3-46bf-a69f-414d847e858b,2008-03-11 10:01:36.827000
845,Mountain Pump,PU-M044,None,10.3084,24.9900,None,None,40,117,2006-07-01 00:00:00,2007-06-30 00:00:00,None,<memory at 0x7faf80c4a4c0>,bikepump_small.gif,57169f80-fafb-4678-8f51-fe1f131d0c83,2008-03-11 10:01:36.827000
846,Taillights - Battery-Powered,LT-T990,None,5.7709,13.9900,None,None,37,108,2006-07-01 00:00:00,2007-06-30 00:00:00,None,<memory at 0x7faf80c4a580>,tail_lights_small.gif,3c617b87-50a5-434c-a0d3-22314b7027ee,2008-03-11 10:01:36.827000
847,Headlights - Dual-Beam,LT-H902,None,14.4334,34.9900,None,None,37,109,2006-07-01 00:00:00,2007-06-30 00:00:00,None,<memory at 0x7faf80c4a640>,double_headlight_small.gif,417db6cb-f38f-4b0d-87e7-e1ebf7456c3a,2008-03-11 10:01:36.827000
848,Headlights - Weatherproof,LT-H903,None,18.5584,44.9900,None,None,37,110,2006-07-01 00:00:00,2007-06-30 00:00:00,None,<memory at 0x7faf80c4a700>,single_headlight_small.gif,fc362c1a-4b9c-4d5f-a6d3-0775846c61f0,2008-03-11 10:01:36.827000
849,Men's Sports Shorts, M,SH-M897-M,Black,24.7459,59.9900,M,None,26,13,2006-07-01 00:00:00,2007-06-30 00:00:00,None,<memory at 0x7faf80c4a7c0>,shorts_male_small.gif,db37b435-74b9-43d3-b363-abbead107bc4,2008-03-11 10:01:36.827000
850,Men's Sports Shorts, L,SH-M897-L,Black,24.7459,59.9900,L,None,26,13,2006-07-01 00:00:00,2007-06-30 00:00:00,None,<memory at 0x7faf80c4a880>,shorts_male_small.gif,714184c5-669b-4cf1-a802-30e7b1ea7722,2008-03-11 10:01:36.827000
851,Men's Sports Shorts, XL,SH-M897-X,Black,24.7459,59.9900,XL,None,26,13,2006-07-01 00:00:00,2007-06-30 00:00:00,None,<memory at 0x7faf80c4a940>,shorts_male_small.gif,bd3ffe40-fe2e-44cb-a4e0-81786c3a751f,2008-03-11 10:01:36.827000
959,Touring-3000 Blue, 58,BK-T18U-58,Blue,461.4448,742.3500,58,13562.34,7,36,2007-07-01 00:00:00,None,None,<memory at 0x7faf80c4aa00>,julianax_r_02_blue_small.gif,23d89cee-9f44-4f3e-b289-63de6ba2b737,2008-03-11 10:01:36.827000
960,Touring-3000 Blue, 62,BK-T18U-62,Blue,461.4448,742.3500,62,13607.70,7,36,2007-07-01 00:00:00,None,None,<memory at 0x7faf80c4aac0>,julianax_r_02_blue_small.gif,060192c9-bcd9-4260-b729-d6bcfadfb08e,2008-03-11 10:01:36.827000
852,Women's Tights, S,TG-W091-S,Black,30.9334,74.9900,S,None,28,38,2006-07-01 00:00:00,2007-06-30 00:00:00,None,<memory at 0x7faf80c4ab80>,no_image_available_small.gif,7de86c98-4f5b-4155-8572-c977f14ebaeb,2008-03-11 10:01:36.827000
853,Women's Tights, M,TG-W091-M,Black,30.9334,74.9900,M,None,28,38,2006-07-01 00:00:00,2007-06-30 00:00:00,None,<memory at 0x7faf80c4ac40>,no_image_available_small.gif,4d8e186c-b8c9-4c64-b411-4995dd87e316,2008-03-11 10:01:36.827000
854,Women's Tights, L,TG-W091-L,Black,30.9334,74.9900,L,None,28,38,2006-07-01 00:00:00,2007-06-30 00:00:00,None,<memory at 0x7faf80c4ad00>,no_image_available_small.gif,e378c2f3-54f6-4ea9-b049-e8bb32b5bdfd,2008-03-11 10:01:36.827000
855,Men's Bib-Shorts, S,SB-M891-S,Multi,37.1209,89.9900,S,None,22,12,2006-07-01 00:00:00,2007-06-30 00:00:00,None,<memory at 0x7faf80c4adc0>,no_image_available_small.gif,9f60af1e-4c11-4e90-baea-48e834e8b4c2,2008-03-11 10:01:36.827000
856,Men's Bib-Shorts, M,SB-M891-M,Multi,37.1209,89.9900,M,None,22,12,2006-07-01 00:00:00,2007-06-30 00:00:00,None,<memory at 0x7faf80c4ae80>,no_image_available_small.gif,e0cbec04-f4fc-450f-9780-f8ea7691febd,2008-03-11 10:01:36.827000
857,Men's Bib-Shorts, L,SB-M891-L,Multi,37.1209,89.9900,L,None,22,12,2006-07-01 00:00:00,2007-06-30 00:00:00,None,<memory at 0x7faf80c4af40>,no_image_available_small.gif,e1df75a4-9986-489e-a5de-ad3da824eb5e,2008-03-11 10:01:36.827000
961,Touring-3000 Yellow, 44,BK-T18Y-44,Yellow,461.4448,742.3500,44,13049.78,7,36,2007-07-01 00:00:00,None,None,<memory at 0x7faf80c56040>,julianax_r_02_yellow_small.gif,5646c15a-68ad-4234-b328-254706cbccc5,2008-03-11 10:01:36.827000
962,Touring-3000 Yellow, 50,BK-T18Y-50,Yellow,461.4448,742.3500,50,13213.08,7,36,2007-07-01 00:00:00,None,None,<memory at 0x7faf80c56100>,julianax_r_02_yellow_small.gif,df85e805-af87-4fab-a668-c80f2a5b8a69,2008-03-11 10:01:36.827000
963,Touring-3000 Yellow, 54,BK-T18Y-54,Yellow,461.4448,742.3500,54,13344.62,7,36,2007-07-01 00:00:00,None,None,<memory at 0x7faf80c561c0>,julianax_r_02_yellow_small.gif,192becd1-f465-4194-88a2-ee57fed3a3c5,2008-03-11 10:01:36.827000
858,Half-Finger Gloves, S,GL-H102-S,Black,9.1593,24.4900,S,None,24,4,2006-07-01 00:00:00,None,None,<memory at 0x7faf80c56280>,no_image_available_small.gif,9e1db5c3-539d-4061-9433-d762dc195cd8,2008-03-11 10:01:36.827000
859,Half-Finger Gloves, M,GL-H102-M,Black,9.1593,24.4900,M,None,24,4,2006-07-01 00:00:00,None,None,<memory at 0x7faf80c56340>,no_image_available_small.gif,9d458fd5-392d-4ab1-afef-6a5548e48858,2008-03-11 10:01:36.827000
860,Half-Finger Gloves, L,GL-H102-L,Black,9.1593,24.4900,L,None,24,4,2006-07-01 00:00:00,None,None,<memory at 0x7faf80c56400>,no_image_available_small.gif,fa710215-925f-4959-81df-538e72a6a255,2008-03-11 10:01:36.827000
861,Full-Finger Gloves, S,GL-F110-S,Black,15.6709,37.9900,S,None,24,3,2006-07-01 00:00:00,2007-06-30 00:00:00,None,<memory at 0x7faf80c564c0>,no_image_available_small.gif,76fac097-1fb3-456b-8fb9-2c7a613771b4,2008-03-11 10:01:36.827000
862,Full-Finger Gloves, M,GL-F110-M,Black,15.6709,37.9900,M,None,24,3,2006-07-01 00:00:00,2007-06-30 00:00:00,None,<memory at 0x7faf80c56580>,no_image_available_small.gif,1084221e-1890-443e-9d87-afcad6358355,2008-03-11 10:01:36.827000
863,Full-Finger Gloves, L,GL-F110-L,Black,15.6709,37.9900,L,None,24,3,2006-07-01 00:00:00,2007-06-30 00:00:00,None,<memory at 0x7faf80c56640>,no_image_available_small.gif,6116f9d4-8a1d-4022-a642-9c445c197203,2008-03-11 10:01:36.827000
964,Touring-3000 Yellow, 58,BK-T18Y-58,Yellow,461.4448,742.3500,58,13512.45,7,36,2007-07-01 00:00:00,None,None,<memory at 0x7faf80c56700>,julianax_r_02_yellow_small.gif,bed79f64-a53d-44a3-ace8-2baa425a5a54,2008-03-11 10:01:36.827000
965,Touring-3000 Yellow, 62,BK-T18Y-62,Yellow,461.4448,742.3500,62,13607.70,7,36,2007-07-01 00:00:00,None,None,<memory at 0x7faf80c567c0>,julianax_r_02_yellow_small.gif,d28b3872-5173-40a4-b12f-655524386cc7,2008-03-11 10:01:36.827000
966,Touring-1000 Blue, 46,BK-T79U-46,Blue,1481.9379,2384.0700,46,11398.72,7,34,2007-07-01 00:00:00,None,None,<memory at 0x7faf80c56880>,julianax_r_02_blue_small.gif,86990d54-6efb-4c53-9974-6c3b0297e222,2008-03-11 10:01:36.827000
864,Classic Vest, S,VE-C304-S,Blue,23.7490,63.5000,S,None,29,1,2007-07-01 00:00:00,None,None,<memory at 0x7faf80c56940>,no_image_available_small.gif,eb423ef3-409d-46fe-b35b-d69970820314,2008-03-11 10:01:36.827000
865,Classic Vest, M,VE-C304-M,Blue,23.7490,63.5000,M,None,29,1,2007-07-01 00:00:00,None,None,<memory at 0x7faf80c56a00>,no_image_available_small.gif,2e52f96e-64a1-4069-911c-e3fd6e094a1e,2008-03-11 10:01:36.827000
866,Classic Vest, L,VE-C304-L,Blue,23.7490,63.5000,L,None,29,1,2007-07-01 00:00:00,None,None,<memory at 0x7faf80c56ac0>,no_image_available_small.gif,3211f5a8-b6c4-48bd-9aa4-d69cb40d97dd,2008-03-11 10:01:36.827000
867,Women's Mountain Shorts, S,SH-W890-S,Black,26.1763,69.9900,S,None,26,37,2007-07-01 00:00:00,None,None,<memory at 0x7faf80c56b80>,shorts_female_small.gif,22616fd2-b99f-4f7d-acf6-33dff66d42d2,2008-03-11 10:01:36.827000
868,Women's Mountain Shorts, M,SH-W890-M,Black,26.1763,69.9900,M,None,26,37,2007-07-01 00:00:00,None,None,<memory at 0x7faf80c56c40>,shorts_female_small.gif,968e3610-e583-42e8-8ab6-484a799b1774,2008-03-11 10:01:36.827000
869,Women's Mountain Shorts, L,SH-W890-L,Black,26.1763,69.9900,L,None,26,37,2007-07-01 00:00:00,None,None,<memory at 0x7faf80c56d00>,shorts_female_small.gif,1a66b244-5ca0-4153-b539-ae048d14faec,2008-03-11 10:01:36.827000
870,Water Bottle - 30 oz.,WB-H098,None,1.8663,4.9900,None,None,32,111,2007-07-01 00:00:00,None,None,<memory at 0x7faf80c56dc0>,water_bottle_small.gif,834e8d1a-69a7-4c42-8b68-fa08d9ec9e5b,2008-03-11 10:01:36.827000
871,Mountain Bottle Cage,BC-M005,None,3.7363,9.9900,None,None,32,112,2007-07-01 00:00:00,None,None,<memory at 0x7faf80c56e80>,no_image_available_small.gif,684491de-63f8-4632-90e3-36773c4e63bd,2008-03-11 10:01:36.827000
872,Road Bottle Cage,BC-R205,None,3.3623,8.9900,None,None,32,113,2007-07-01 00:00:00,None,None,<memory at 0x7faf80c56f40>,water_bottle_cage_small.gif,601b1fe8-d4d0-4cfb-9379-29481cc05291,2008-03-11 10:01:36.827000
873,Patch Kit/8 Patches,PK-7098,None,0.8565,2.2900,None,None,41,114,2007-07-01 00:00:00,None,None,<memory at 0x7faf80c6a040>,tirepatch_kit_small.gif,36e638e4-68df-411b-930a-daad57221aa6,2008-03-11 10:01:36.827000
967,Touring-1000 Blue, 50,BK-T79U-50,Blue,1481.9379,2384.0700,50,11530.26,7,34,2007-07-01 00:00:00,None,None,<memory at 0x7faf80c6a100>,julianax_r_02_blue_small.gif,68c0a818-2985-46eb-8255-0fb70919fa24,2008-03-11 10:01:36.827000
874,Racing Socks, M,SO-R809-M,White,3.3623,8.9900,M,None,27,24,2007-07-01 00:00:00,None,None,<memory at 0x7faf80c6a1c0>,no_image_available_small.gif,b9c7eb0a-1dd1-4a1d-b4c3-1dad83a8ea7e,2008-03-11 10:01:36.827000
875,Racing Socks, L,SO-R809-L,White,3.3623,8.9900,L,None,27,24,2007-07-01 00:00:00,None,None,<memory at 0x7faf80c6a280>,no_image_available_small.gif,c0a16305-74b7-4fae-b5c9-3e8bd0e44762,2008-03-11 10:01:36.827000
876,Hitch Rack - 4-Bike,RA-H123,None,44.8800,120.0000,None,None,30,118,2007-07-01 00:00:00,None,None,<memory at 0x7faf80c6a340>,no_image_available_small.gif,7a0c4bbd-9679-4f59-9ebc-9daf3439a38a,2008-03-11 10:01:36.827000
877,Bike Wash - Dissolver,CL-9009,None,2.9733,7.9500,None,None,33,119,2007-07-01 00:00:00,None,None,<memory at 0x7faf80c6a400>,no_image_available_small.gif,3c40b5ad-e328-4715-88a7-ec3220f02acf,2008-03-11 10:01:36.827000
878,Fender Set - Mountain,FE-6654,None,8.2205,21.9800,None,None,34,121,2007-07-01 00:00:00,None,None,<memory at 0x7faf80c6a4c0>,no_image_available_small.gif,e6e76c7f-c145-4cad-a9e8-b1e4e845a2c0,2008-03-11 10:01:36.827000
879,All-Purpose Bike Stand,ST-1401,None,59.4660,159.0000,None,None,31,122,2007-07-01 00:00:00,None,None,<memory at 0x7faf80c6a580>,no_image_available_small.gif,c7bb564b-a637-40f5-b21b-cbf7e4f713be,2008-03-11 10:01:36.827000
968,Touring-1000 Blue, 54,BK-T79U-54,Blue,1481.9379,2384.0700,54,11648.19,7,34,2007-07-01 00:00:00,None,None,<memory at 0x7faf80c6a640>,julianax_r_02_blue_small.gif,12280a8c-7578-4367-ba71-214bcc1e4792,2008-03-11 10:01:36.827000
969,Touring-1000 Blue, 60,BK-T79U-60,Blue,1481.9379,2384.0700,60,11747.98,7,34,2007-07-01 00:00:00,None,None,<memory at 0x7faf80c6a700>,julianax_r_02_blue_small.gif,dd70cf36-449a-43fd-839d-a84ee14c849a,2008-03-11 10:01:36.827000
970,Touring-2000 Blue, 46,BK-T44U-46,Blue,755.1508,1214.8500,46,12305.90,7,35,2007-07-01 00:00:00,None,None,<memory at 0x7faf80c6a7c0>,julianax_r_02_blue_small.gif,c0009006-715f-4b76-a05a-1a0d3adfb49a,2008-03-11 10:01:36.827000
880,Hydration Pack - 70 oz.,HY-1023-70,Silver,20.5663,54.9900,70,None,36,107,2007-07-01 00:00:00,None,None,<memory at 0x7faf80c6a880>,no_image_available_small.gif,a99d90c0-05e2-4e44-ad90-c55c9f0784de,2008-03-11 10:01:36.827000
881,Short-Sleeve Classic Jersey, S,SJ-0194-S,Yellow,41.5723,53.9900,S,None,25,32,2007-07-01 00:00:00,None,None,<memory at 0x7faf80c6a940>,awc_tee_male_yellow_small.gif,05b2e20f-2399-4cb3-9b49-b28d6649c104,2008-03-11 10:01:36.827000
882,Short-Sleeve Classic Jersey, M,SJ-0194-M,Yellow,41.5723,53.9900,M,None,25,32,2007-07-01 00:00:00,None,None,<memory at 0x7faf80c6aa00>,awc_tee_male_yellow_small.gif,bbbf003b-367d-4d71-af71-10f50b6234a0,2008-03-11 10:01:36.827000
883,Short-Sleeve Classic Jersey, L,SJ-0194-L,Yellow,41.5723,53.9900,L,None,25,32,2007-07-01 00:00:00,None,None,<memory at 0x7faf80c6aac0>,awc_tee_male_yellow_small.gif,2d9f59b8-9f24-46eb-98ad-553e48bb9db9,2008-03-11 10:01:36.827000
884,Short-Sleeve Classic Jersey, XL,SJ-0194-X,Yellow,41.5723,53.9900,XL,None,25,32,2007-07-01 00:00:00,None,None,<memory at 0x7faf80c6ab80>,awc_tee_male_yellow_small.gif,906d42f6-c21f-4d20-b528-02ffdb55fd1e,2008-03-11 10:01:36.827000
885,HL Touring Frame - Yellow, 60,FR-T98Y-60,Yellow,601.7437,1003.9100,60,1397.06,20,7,2007-07-01 00:00:00,None,None,<memory at 0x7faf80c6ac40>,no_image_available_small.gif,c49679bd-96a9-4176-a7ed-5bc6d6444647,2008-03-11 10:01:36.827000
886,LL Touring Frame - Yellow, 62,FR-T67Y-62,Yellow,199.8519,333.4200,62,1451.49,20,10,2007-07-01 00:00:00,None,None,<memory at 0x7faf80c6ad00>,frame_small.gif,8d4d52a6-8abc-4c05-be4d-c067faf1a64e,2008-03-11 10:01:36.827000
887,HL Touring Frame - Yellow, 46,FR-T98Y-46,Yellow,601.7437,1003.9100,46,1342.63,20,7,2007-07-01 00:00:00,None,None,<memory at 0x7faf80c6adc0>,no_image_available_small.gif,137675a7-34cd-4b7a-abe1-4e0eeb79b65d,2008-03-11 10:01:36.827000
888,HL Touring Frame - Yellow, 50,FR-T98Y-50,Yellow,601.7437,1003.9100,50,1360.77,20,7,2007-07-01 00:00:00,None,None,<memory at 0x7faf80c6ae80>,no_image_available_small.gif,105ec6e5-30c5-4fe3-a08b-cb324c85323d,2008-03-11 10:01:36.827000
889,HL Touring Frame - Yellow, 54,FR-T98Y-54,Yellow,601.7437,1003.9100,54,1378.91,20,7,2007-07-01 00:00:00,None,None,<memory at 0x7faf80c6af40>,no_image_available_small.gif,12b1f317-c39b-48d0-b1a7-8018c60aea53,2008-03-11 10:01:36.827000
971,Touring-2000 Blue, 50,BK-T44U-50,Blue,755.1508,1214.8500,50,12437.44,7,35,2007-07-01 00:00:00,None,None,<memory at 0x7faf80603040>,julianax_r_02_blue_small.gif,84abda8f-0007-4bca-9a61-b2dea58866c3,2008-03-11 10:01:36.827000
972,Touring-2000 Blue, 54,BK-T44U-54,Blue,755.1508,1214.8500,54,12555.37,7,35,2007-07-01 00:00:00,None,None,<memory at 0x7faf80603100>,julianax_r_02_blue_small.gif,6dcfe2a3-3555-44e4-9116-6f6dbe448b8b,2008-03-11 10:01:36.827000
973,Road-350-W Yellow, 40,BK-R79Y-40,Yellow,1082.5100,1700.9900,40,6962.61,6,27,2007-07-01 00:00:00,None,None,<memory at 0x7faf806031c0>,roadster_yellow_f_small.gif,237b16d9-53f2-4fd4-befe-48209e57aec3,2008-03-11 10:01:36.827000
974,Road-350-W Yellow, 42,BK-R79Y-42,Yellow,1082.5100,1700.9900,42,7153.11,6,27,2007-07-01 00:00:00,None,None,<memory at 0x7faf80603280>,roadster_yellow_f_small.gif,80bd3f8b-42c7-43d8-91f5-9fb6175287af,2008-03-11 10:01:36.827000
890,HL Touring Frame - Blue, 46,FR-T98U-46,Blue,601.7437,1003.9100,46,1342.63,20,7,2007-07-01 00:00:00,None,None,<memory at 0x7faf80603340>,no_image_available_small.gif,8bbd3437-a58b-41a0-9503-fc14b23e7678,2008-03-11 10:01:36.827000
891,HL Touring Frame - Blue, 50,FR-T98U-50,Blue,601.7437,1003.9100,50,1360.77,20,7,2007-07-01 00:00:00,None,None,<memory at 0x7faf80603400>,no_image_available_small.gif,c4244f0c-abce-451b-a895-83c0e6d1f448,2008-03-11 10:01:36.827000
892,HL Touring Frame - Blue, 54,FR-T98U-54,Blue,601.7437,1003.9100,54,1378.91,20,7,2007-07-01 00:00:00,None,None,<memory at 0x7faf806034c0>,no_image_available_small.gif,e9aae947-6bc3-4909-8937-3e1cdcec8a8f,2008-03-11 10:01:36.827000
893,HL Touring Frame - Blue, 60,FR-T98U-60,Blue,601.7437,1003.9100,60,1397.06,20,7,2007-07-01 00:00:00,None,None,<memory at 0x7faf80603580>,no_image_available_small.gif,b01951a4-a581-4d10-9dc2-515da180f1b8,2008-03-11 10:01:36.827000
894,Rear Derailleur,RD-2308,Silver,53.9282,121.4600,None,215.00,13,127,2007-07-01 00:00:00,None,None,<memory at 0x7faf80603640>,sprocket_small.gif,5ebfcf02-4e3e-443a-ad60-5aeef28dac76,2008-03-11 10:01:36.827000
895,LL Touring Frame - Blue, 50,FR-T67U-50,Blue,199.8519,333.4200,50,1406.13,20,10,2007-07-01 00:00:00,None,None,<memory at 0x7faf80603700>,no_image_available_small.gif,b78eccca-fa88-4071-9110-410585127e46,2008-03-11 10:01:36.827000
896,LL Touring Frame - Blue, 54,FR-T67U-54,Blue,199.8519,333.4200,54,1424.27,20,10,2007-07-01 00:00:00,None,None,<memory at 0x7faf806037c0>,no_image_available_small.gif,0ff799c9-dd11-4b81-aaf7-65410017405b,2008-03-11 10:01:36.827000
975,Road-350-W Yellow, 44,BK-R79Y-44,Yellow,1082.5100,1700.9900,44,7316.41,6,27,2007-07-01 00:00:00,None,None,<memory at 0x7faf80603880>,roadster_yellow_f_small.gif,0c61e8af-003d-4e4b-b5b7-02f01a26be26,2008-03-11 10:01:36.827000
976,Road-350-W Yellow, 48,BK-R79Y-48,Yellow,1082.5100,1700.9900,48,7447.95,6,27,2007-07-01 00:00:00,None,None,<memory at 0x7faf80603940>,roadster_yellow_f_small.gif,ec4284dc-85fa-44a8-89ec-77fc9b71720a,2008-03-11 10:01:36.827000
897,LL Touring Frame - Blue, 58,FR-T67U-58,Blue,199.8519,333.4200,58,1433.34,20,10,2007-07-01 00:00:00,None,None,<memory at 0x7faf80603a00>,no_image_available_small.gif,ccd4fa47-7194-4bd0-909b-1fa4bd7916a7,2008-03-11 10:01:36.827000
898,LL Touring Frame - Blue, 62,FR-T67U-62,Blue,199.8519,333.4200,62,1451.49,20,10,2007-07-01 00:00:00,None,None,<memory at 0x7faf80603ac0>,no_image_available_small.gif,08a211a5-dcd2-42d0-9276-64d92d4890a6,2008-03-11 10:01:36.827000
899,LL Touring Frame - Yellow, 44,FR-T67Y-44,Yellow,199.8519,333.4200,44,1369.84,20,10,2007-07-01 00:00:00,None,None,<memory at 0x7faf80603b80>,frame_small.gif,109cb7bc-6ec6-4a36-85c8-55b843b2ab12,2008-03-11 10:01:36.827000
900,LL Touring Frame - Yellow, 50,FR-T67Y-50,Yellow,199.8519,333.4200,50,1406.13,20,10,2007-07-01 00:00:00,None,None,<memory at 0x7faf80603c40>,frame_small.gif,285fd682-c647-49d1-b8f3-368a43c9cda0,2008-03-11 10:01:36.827000
901,LL Touring Frame - Yellow, 54,FR-T67Y-54,Yellow,199.8519,333.4200,54,1424.27,20,10,2007-07-01 00:00:00,None,None,<memory at 0x7faf80603d00>,frame_small.gif,2536e3b2-d4da-49e6-965a-f612c2c8914f,2008-03-11 10:01:36.827000
902,LL Touring Frame - Yellow, 58,FR-T67Y-58,Yellow,199.8519,333.4200,58,1433.34,20,10,2007-07-01 00:00:00,None,None,<memory at 0x7faf80603dc0>,frame_small.gif,5d17ff1c-f50e-438f-a4e9-7c400fb762e7,2008-03-11 10:01:36.827000
903,LL Touring Frame - Blue, 44,FR-T67U-44,Blue,199.8519,333.4200,44,1369.84,20,10,2007-07-01 00:00:00,None,None,<memory at 0x7faf80603e80>,no_image_available_small.gif,e9c17be7-f4dc-465e-ab73-c0198f37bfdd,2008-03-11 10:01:36.827000
904,ML Mountain Frame-W - Silver, 40,FR-M63S-40,Silver,199.3757,364.0900,40,1256.44,16,15,2007-07-01 00:00:00,None,None,<memory at 0x7faf80603f40>,no_image_available_small.gif,a7dde43e-f7d5-4075-a0c1-c866ad7aa154,2008-03-11 10:01:36.827000
905,ML Mountain Frame-W - Silver, 42,FR-M63S-42,Silver,199.3757,364.0900,42,1274.59,16,15,2007-07-01 00:00:00,None,None,<memory at 0x7faf80617040>,no_image_available_small.gif,d4a2fcad-1e63-4ebd-863c-5a7c48d5b8d9,2008-03-11 10:01:36.827000
977,Road-750 Black, 58,BK-R19B-58,Black,343.6496,539.9900,58,9430.14,6,31,2007-07-01 00:00:00,None,None,<memory at 0x7faf80617100>,roadster_black_small.gif,87b81a1a-a5b5-43d2-a20d-0230800490b9,2008-03-11 10:01:36.827000
978,Touring-3000 Blue, 44,BK-T18U-44,Blue,461.4448,742.3500,44,13049.78,7,36,2007-07-01 00:00:00,None,None,<memory at 0x7faf806171c0>,julianax_r_02_blue_small.gif,4f638e15-2ed0-4193-90ce-47da580e01dd,2008-03-11 10:01:36.827000
979,Touring-3000 Blue, 50,BK-T18U-50,Blue,461.4448,742.3500,50,13213.08,7,36,2007-07-01 00:00:00,None,None,<memory at 0x7faf80617280>,julianax_r_02_blue_small.gif,de305b62-88fc-465b-b23d-d8c0f7e6d361,2008-03-11 10:01:36.827000
980,Mountain-400-W Silver, 38,BK-M38S-38,Silver,419.7784,769.4900,38,11952.10,5,22,2007-07-01 00:00:00,None,None,<memory at 0x7faf80617340>,hotrodbike_f_small.gif,7a927632-99a4-4f24-adce-0062d2d113d9,2008-03-11 10:01:36.827000
981,Mountain-400-W Silver, 40,BK-M38S-40,Silver,419.7784,769.4900,40,12142.60,5,22,2007-07-01 00:00:00,None,None,<memory at 0x7faf80617400>,hotrodbike_f_small.gif,0a72791c-a984-4733-ae4e-2b4373cfd7cd,2008-03-11 10:01:36.827000
906,ML Mountain Frame-W - Silver, 46,FR-M63S-46,Silver,199.3757,364.0900,46,1292.73,16,15,2007-07-01 00:00:00,None,None,<memory at 0x7faf806174c0>,no_image_available_small.gif,82025c63-7b28-412d-92c1-408e0e6ae646,2008-03-11 10:01:36.827000
907,Rear Brakes,RB-9231,Silver,47.2860,106.5000,None,317.00,10,128,2007-07-01 00:00:00,None,None,<memory at 0x7faf80617580>,no_image_available_small.gif,5946f163-93f0-4141-b17e-55d9778cc274,2008-03-11 10:01:36.827000
908,LL Mountain Seat/Saddle,SE-M236,None,12.0413,27.1200,None,None,19,79,2007-07-01 00:00:00,None,None,<memory at 0x7faf80617640>,saddle_small.gif,4dab53c5-31e7-47d6-a5a0-940f8d4dad22,2008-03-11 10:01:36.827000
909,ML Mountain Seat/Saddle,SE-M798,None,17.3782,39.1400,None,None,19,80,2007-07-01 00:00:00,None,None,<memory at 0x7faf80617700>,no_image_available_small.gif,30222244-0fd8-4d28-8448-f2e658bf52bd,2008-03-11 10:01:36.827000
910,HL Mountain Seat/Saddle,SE-M940,None,23.3722,52.6400,None,None,19,81,2007-07-01 00:00:00,None,None,<memory at 0x7faf806177c0>,no_image_available_small.gif,a96a5024-87de-488a-bf81-bc0c81f6cd18,2008-03-11 10:01:36.827000
911,LL Road Seat/Saddle,SE-R581,None,12.0413,27.1200,None,None,19,82,2007-07-01 00:00:00,None,None,<memory at 0x7faf80617880>,no_image_available_small.gif,31b9bc62-792b-4e7a-a24d-411dc76e0271,2008-03-11 10:01:36.827000
912,ML Road Seat/Saddle,SE-R908,None,17.3782,39.1400,None,None,19,83,2007-07-01 00:00:00,None,None,<memory at 0x7faf80617940>,no_image_available_small.gif,49845afe-a8cc-4354-a5d4-09d35bf7fb9e,2008-03-11 10:01:36.827000
982,Mountain-400-W Silver, 42,BK-M38S-42,Silver,419.7784,769.4900,42,12305.90,5,22,2007-07-01 00:00:00,None,None,<memory at 0x7faf80617a00>,hotrodbike_f_small.gif,4ea4fe06-aaea-42d4-a9d9-69f6a9a4a042,2008-03-11 10:01:36.827000
983,Mountain-400-W Silver, 46,BK-M38S-46,Silver,419.7784,769.4900,46,12437.44,5,22,2007-07-01 00:00:00,None,None,<memory at 0x7faf80617ac0>,hotrodbike_f_small.gif,0b0c8ee4-ff2d-438e-9cac-464783b86191,2008-03-11 10:01:36.827000
913,HL Road Seat/Saddle,SE-R995,None,23.3722,52.6400,None,None,19,84,2007-07-01 00:00:00,None,None,<memory at 0x7faf80617b80>,no_image_available_small.gif,2befe629-4b2a-41a1-a009-df13ead69105,2008-03-11 10:01:36.827000
914,LL Touring Seat/Saddle,SE-T312,None,12.0413,27.1200,None,None,19,66,2007-07-01 00:00:00,None,None,<memory at 0x7faf80617c40>,no_image_available_small.gif,7874a1d6-7a5b-412f-a2eb-c2f457b9603d,2008-03-11 10:01:36.827000
915,ML Touring Seat/Saddle,SE-T762,None,17.3782,39.1400,None,None,19,65,2007-07-01 00:00:00,None,None,<memory at 0x7faf80617d00>,no_image_available_small.gif,072acb72-7796-4bd0-9bbb-6efc29ac336c,2008-03-11 10:01:36.827000
916,HL Touring Seat/Saddle,SE-T924,None,23.3722,52.6400,None,None,19,67,2007-07-01 00:00:00,None,None,<memory at 0x7faf80617dc0>,no_image_available_small.gif,0e158724-934d-4a64-991f-94fec00bdea8,2008-03-11 10:01:36.827000
917,LL Mountain Frame - Silver, 42,FR-M21S-42,Silver,144.5938,264.0500,42,1324.48,16,8,2007-07-01 00:00:00,None,None,<memory at 0x7faf80617e80>,no_image_available_small.gif,37bd4d2b-346b-4c6b-8f3f-85c084282529,2008-03-11 10:01:36.827000
918,LL Mountain Frame - Silver, 44,FR-M21S-44,Silver,144.5938,264.0500,44,1342.63,16,8,2007-07-01 00:00:00,None,None,<memory at 0x7faf80617f40>,no_image_available_small.gif,393a4d00-7428-41f0-a48a-af26b00e9a9c,2008-03-11 10:01:36.827000
919,LL Mountain Frame - Silver, 48,FR-M21S-48,Silver,144.5938,264.0500,48,1360.77,16,8,2007-07-01 00:00:00,None,None,<memory at 0x7faf8060c040>,no_image_available_small.gif,8dfef6f2-91a8-4884-8949-b2551218b37a,2008-03-11 10:01:36.827000
920,LL Mountain Frame - Silver, 52,FR-M21S-52,Silver,144.5938,264.0500,52,1378.91,16,8,2007-07-01 00:00:00,None,None,<memory at 0x7faf8060c100>,no_image_available_small.gif,f230baac-5951-4eb1-b1e8-94c2ca2b37fa,2008-03-11 10:01:36.827000
921,Mountain Tire Tube,TT-M928,None,1.8663,4.9900,None,None,41,92,2007-07-01 00:00:00,None,None,<memory at 0x7faf8060c1c0>,no_image_available_small.gif,01a8c3fc-ed52-458e-a634-d5b6e2accfed,2008-03-11 10:01:36.827000
922,Road Tire Tube,TT-R982,None,1.4923,3.9900,None,None,41,93,2007-07-01 00:00:00,None,None,<memory at 0x7faf8060c280>,no_image_available_small.gif,ea442bd7-f69b-42d9-aa71-95e10b648f52,2008-03-11 10:01:36.827000
923,Touring Tire Tube,TT-T092,None,1.8663,4.9900,None,None,41,94,2007-07-01 00:00:00,None,None,<memory at 0x7faf8060c340>,innertube_small.gif,179fec38-cab5-4a47-bcff-31cfc9e43a3c,2008-03-11 10:01:36.827000
924,LL Mountain Frame - Black, 42,FR-M21B-42,Black,136.7850,249.7900,42,1324.48,16,8,2007-07-01 00:00:00,None,None,<memory at 0x7faf8060c400>,no_image_available_small.gif,faabd7fb-cb35-4bad-8857-ec71468686ad,2008-03-11 10:01:36.827000
925,LL Mountain Frame - Black, 44,FR-M21B-44,Black,136.7850,249.7900,44,1342.63,16,8,2007-07-01 00:00:00,None,None,<memory at 0x7faf8060c4c0>,no_image_available_small.gif,47ab0300-7b55-4d35-a786-80190976b9b5,2008-03-11 10:01:36.827000
926,LL Mountain Frame - Black, 48,FR-M21B-48,Black,136.7850,249.7900,48,1360.77,16,8,2007-07-01 00:00:00,None,None,<memory at 0x7faf8060c580>,no_image_available_small.gif,408435aa-15c0-41e5-981f-32a8226af15f,2008-03-11 10:01:36.827000
927,LL Mountain Frame - Black, 52,FR-M21B-52,Black,136.7850,249.7900,52,1378.91,16,8,2007-07-01 00:00:00,None,None,<memory at 0x7faf8060c640>,no_image_available_small.gif,4800f4e6-99ea-4afd-a392-2cb05265d0d4,2008-03-11 10:01:36.827000
928,LL Mountain Tire,TI-M267,None,9.3463,24.9900,None,None,41,85,2007-07-01 00:00:00,None,None,<memory at 0x7faf8060c700>,no_image_available_small.gif,76060a93-949c-48ea-9b31-a593d6c14983,2008-03-11 10:01:36.827000
929,ML Mountain Tire,TI-M602,None,11.2163,29.9900,None,None,41,86,2007-07-01 00:00:00,None,None,<memory at 0x7faf8060c7c0>,no_image_available_small.gif,daff9e11-6254-432d-8c4f-f06e52687184,2008-03-11 10:01:36.827000
930,HL Mountain Tire,TI-M823,None,13.0900,35.0000,None,None,41,87,2007-07-01 00:00:00,None,None,<memory at 0x7faf8060c880>,mb_tires_small.gif,ddad25f5-0445-4b5c-8466-6446930ad8b8,2008-03-11 10:01:36.827000
931,LL Road Tire,TI-R092,None,8.0373,21.4900,None,None,41,88,2007-07-01 00:00:00,None,None,<memory at 0x7faf8060c940>,no_image_available_small.gif,15b569a6-d172-42c2-a420-62ab5946cc80,2008-03-11 10:01:36.827000
932,ML Road Tire,TI-R628,None,9.3463,24.9900,None,None,41,89,2007-07-01 00:00:00,None,None,<memory at 0x7faf8060ca00>,no_image_available_small.gif,d1016cc5-c12b-4f05-915c-70fa062e4a64,2008-03-11 10:01:36.827000
933,HL Road Tire,TI-R982,None,12.1924,32.6000,None,None,41,90,2007-07-01 00:00:00,None,None,<memory at 0x7faf8060cac0>,street_tires_small.gif,c86de56a-5048-4b89-b7c7-56bc75c9bcee,2008-03-11 10:01:36.827000
934,Touring Tire,TI-T723,None,10.8423,28.9900,None,None,41,91,2007-07-01 00:00:00,None,None,<memory at 0x7faf8060cb80>,no_image_available_small.gif,9d5ca300-5302-41e1-bca5-8ce5b93f26a5,2008-03-11 10:01:36.827000
935,LL Mountain Pedal,PD-M282,Silver/Black,17.9776,40.4900,None,218.00,17,62,2007-07-01 00:00:00,None,None,<memory at 0x7faf8060cc40>,pedal_small.gif,9fdd0c65-b2b0-4c6c-8704-3a9747be5174,2008-03-11 10:01:36.827000
936,ML Mountain Pedal,PD-M340,Silver/Black,27.5680,62.0900,None,215.00,17,63,2007-07-01 00:00:00,None,None,<memory at 0x7faf8060cd00>,pedal_small.gif,274c86dc-439e-4469-9de8-7e9bd6455d0d,2008-03-11 10:01:36.827000
937,HL Mountain Pedal,PD-M562,Silver/Black,35.9596,80.9900,None,185.00,17,64,2007-07-01 00:00:00,None,None,<memory at 0x7faf8060cdc0>,pedal_small.gif,a05464e8-6b4d-42b3-a4d6-8683136f4b66,2008-03-11 10:01:36.827000
938,LL Road Pedal,PD-R347,Silver/Black,17.9776,40.4900,None,189.00,17,68,2007-07-01 00:00:00,None,None,<memory at 0x7faf8060ce80>,clipless_pedals_small.gif,2c7dd8c3-4c55-475f-ba58-f4baca520d72,2008-03-11 10:01:36.827000
939,ML Road Pedal,PD-R563,Silver/Black,27.5680,62.0900,None,168.00,17,69,2007-07-01 00:00:00,None,None,<memory at 0x7faf8060cf40>,clipless_pedals_small.gif,216ad46f-bc3f-4862-b0e9-2e261e5a6059,2008-03-11 10:01:36.827000
940,HL Road Pedal,PD-R853,Silver/Black,35.9596,80.9900,None,149.00,17,70,2007-07-01 00:00:00,None,None,<memory at 0x7faf80621040>,clipless_pedals_small.gif,44e96967-ab99-41ed-8b41-5bc70a5ca1a9,2008-03-11 10:03:55.510000
941,Touring Pedal,PD-T852,Silver/Black,35.9596,80.9900,None,None,17,53,2007-07-01 00:00:00,None,None,<memory at 0x7faf80621100>,clipless_pedals_small.gif,6967c816-3ebb-45fa-8547-cef00e08573e,2008-03-11 10:01:36.827000
942,ML Mountain Frame-W - Silver, 38,FR-M63S-38,Silver,199.3757,364.0900,38,1238.30,16,15,2007-07-01 00:00:00,None,None,<memory at 0x7faf806211c0>,no_image_available_small.gif,ba3646b0-1487-426e-ab4e-57d42e6f9233,2008-03-11 10:01:36.827000
943,LL Mountain Frame - Black, 40,FR-M21B-40,Black,136.7850,249.7900,40,1306.34,16,8,2007-07-01 00:00:00,None,None,<memory at 0x7faf80621280>,no_image_available_small.gif,3050e4df-2bba-4c2b-bdcc-b4c89972db1c,2008-03-11 10:01:36.827000
944,LL Mountain Frame - Silver, 40,FR-M21S-40,Silver,144.5938,264.0500,40,1306.34,16,8,2007-07-01 00:00:00,None,None,<memory at 0x7faf80621340>,no_image_available_small.gif,756f862e-40cc-4dfc-b189-716d0dda5ff9,2008-03-11 10:01:36.827000
945,Front Derailleur,FD-2342,Silver,40.6216,91.4900,None,88.00,13,103,2007-07-01 00:00:00,None,None,<memory at 0x7faf80621400>,no_image_available_small.gif,448e9e7b-9548-4a4c-abb3-853686aa7517,2008-03-11 10:01:36.827000
946,LL Touring Handlebars,HB-T721,None,20.4640,46.0900,None,None,8,47,2007-07-01 00:00:00,None,None,<memory at 0x7faf806214c0>,no_image_available_small.gif,a2f1352e-45d0-42c4-aef3-60033073bb66,2008-03-11 10:01:36.827000
947,HL Touring Handlebars,HB-T928,None,40.6571,91.5700,None,None,8,48,2007-07-01 00:00:00,None,None,<memory at 0x7faf80621580>,no_image_available_small.gif,cb524e92-4fa8-4f6c-9993-60796856c654,2008-03-11 10:01:36.827000
948,Front Brakes,FB-9873,Silver,47.2860,106.5000,None,317.00,10,102,2007-07-01 00:00:00,None,None,<memory at 0x7faf80621640>,no_image_available_small.gif,c1813164-1b4b-42d1-9007-4e5f9aee0e19,2008-03-11 10:01:36.827000
949,LL Crankset,CS-4759,Black,77.9176,175.4900,None,600.00,12,99,2007-07-01 00:00:00,None,None,<memory at 0x7faf80621700>,no_image_available_small.gif,41d47371-4374-46d3-8d61-b07616ec54f0,2008-03-11 10:01:36.827000
950,ML Crankset,CS-6583,Black,113.8816,256.4900,None,635.00,12,100,2007-07-01 00:00:00,None,None,<memory at 0x7faf806217c0>,no_image_available_small.gif,d3a7a02c-a3d5-4a04-9454-0c4e43772b78,2008-03-11 10:01:36.827000
951,HL Crankset,CS-9183,Black,179.8156,404.9900,None,575.00,12,101,2007-07-01 00:00:00,None,None,<memory at 0x7faf80621880>,no_image_available_small.gif,2c4a8956-7b72-48fe-b028-699e117b1daa,2008-03-11 10:01:36.827000
952,Chain,CH-0234,Silver,8.9866,20.2400,None,None,11,98,2007-07-01 00:00:00,None,None,<memory at 0x7faf80621940>,silver_chain_small.gif,5d27e2a5-27ec-4ccb-ba2c-fc980ffe6708,2008-03-11 10:01:36.827000
953,Touring-2000 Blue, 60,BK-T44U-60,Blue,755.1508,1214.8500,60,12655.16,7,35,2007-07-01 00:00:00,None,None,<memory at 0x7faf80621a00>,julianax_r_02_blue_small.gif,f1bb3957-8d27-47f3-91ec-c71822d11436,2008-03-11 10:01:36.827000
954,Touring-1000 Yellow, 46,BK-T79Y-46,Yellow,1481.9379,2384.0700,46,11398.72,7,34,2007-07-01 00:00:00,None,None,<memory at 0x7faf80621ac0>,julianax_r_02_yellow_small.gif,83b77413-8c8a-4af1-93e4-136edb7ff15f,2008-03-11 10:01:36.827000
984,Mountain-500 Silver, 40,BK-M18S-40,Silver,308.2179,564.9900,40,12405.69,5,23,2007-07-01 00:00:00,None,None,<memory at 0x7faf80621b80>,no_image_available_small.gif,b96c057b-6416-4851-8d59-bcb37c8e6e51,2008-03-11 10:01:36.827000
985,Mountain-500 Silver, 42,BK-M18S-42,Silver,308.2179,564.9900,42,12596.19,5,23,2007-07-01 00:00:00,None,None,<memory at 0x7faf80621c40>,no_image_available_small.gif,b8d1b5d9-8a39-4097-a04a-56e95559b534,2008-03-11 10:01:36.827000
986,Mountain-500 Silver, 44,BK-M18S-44,Silver,308.2179,564.9900,44,12759.49,5,23,2007-07-01 00:00:00,None,None,<memory at 0x7faf80621d00>,no_image_available_small.gif,e8cec794-e8e2-4312-96a7-4832e573d3fc,2008-03-11 10:01:36.827000
987,Mountain-500 Silver, 48,BK-M18S-48,Silver,308.2179,564.9900,48,12891.03,5,23,2007-07-01 00:00:00,None,None,<memory at 0x7faf80621dc0>,no_image_available_small.gif,77ef419f-481f-40b9-bdb9-7e6678e550e3,2008-03-11 10:01:36.827000
988,Mountain-500 Silver, 52,BK-M18S-52,Silver,308.2179,564.9900,52,13008.96,5,23,2007-07-01 00:00:00,None,None,<memory at 0x7faf80621e80>,no_image_available_small.gif,cad60945-183e-4ab3-a70c-3f5bac6bf134,2008-03-11 10:01:36.827000
989,Mountain-500 Black, 40,BK-M18B-40,Black,294.5797,539.9900,40,12405.69,5,23,2007-07-01 00:00:00,None,None,<memory at 0x7faf80621f40>,no_image_available_small.gif,28287157-3f06-487b-8531-bee8a37329e4,2008-03-11 10:01:36.827000
990,Mountain-500 Black, 42,BK-M18B-42,Black,294.5797,539.9900,42,12596.19,5,23,2007-07-01 00:00:00,None,None,<memory at 0x7faf80633040>,no_image_available_small.gif,f5752c9c-56ba-41a7-83fd-139da28c15fa,2008-03-11 10:01:36.827000
991,Mountain-500 Black, 44,BK-M18B-44,Black,294.5797,539.9900,44,12759.49,5,23,2007-07-01 00:00:00,None,None,<memory at 0x7faf80633100>,no_image_available_small.gif,c7852127-2fb8-4959-b5a3-de5a8d6445e4,2008-03-11 10:01:36.827000
992,Mountain-500 Black, 48,BK-M18B-48,Black,294.5797,539.9900,48,12891.03,5,23,2007-07-01 00:00:00,None,None,<memory at 0x7faf806331c0>,no_image_available_small.gif,75752e26-a3b6-4264-9b06-f23a4fbdc5a7,2008-03-11 10:01:36.827000
993,Mountain-500 Black, 52,BK-M18B-52,Black,294.5797,539.9900,52,13008.96,5,23,2007-07-01 00:00:00,None,None,<memory at 0x7faf80633280>,no_image_available_small.gif,69ee3b55-e142-4e4f-aed8-af02978fbe87,2008-03-11 10:01:36.827000
994,LL Bottom Bracket,BB-7421,None,23.9716,53.9900,None,223.00,9,95,2007-07-01 00:00:00,None,None,<memory at 0x7faf80633340>,no_image_available_small.gif,fa3c65cd-0a22-47e3-bdf6-53f1dc138c43,2008-03-11 10:01:36.827000
995,ML Bottom Bracket,BB-8107,None,44.9506,101.2400,None,168.00,9,96,2007-07-01 00:00:00,None,None,<memory at 0x7faf80633400>,no_image_available_small.gif,71ab847f-d091-42d6-b735-7b0c2d82fc84,2008-03-11 10:01:36.827000
996,HL Bottom Bracket,BB-9108,None,53.9416,121.4900,None,170.00,9,97,2007-07-01 00:00:00,None,None,<memory at 0x7faf806334c0>,no_image_available_small.gif,230c47c5-08b2-4ce3-b706-69c0bdd62965,2008-03-11 10:01:36.827000
997,Road-750 Black, 44,BK-R19B-44,Black,343.6496,539.9900,44,8967.47,6,31,2007-07-01 00:00:00,None,None,<memory at 0x7faf80633580>,roadster_black_small.gif,44ce4802-409f-43ab-9b27-ca53421805be,2008-03-11 10:01:36.827000
998,Road-750 Black, 48,BK-R19B-48,Black,343.6496,539.9900,48,9130.77,6,31,2007-07-01 00:00:00,None,None,<memory at 0x7faf80633640>,roadster_black_small.gif,3de9a212-1d49-40b6-b10a-f564d981dbde,2008-03-11 10:01:36.827000
999,Road-750 Black, 52,BK-R19B-52,Black,343.6496,539.9900,52,9262.31,6,31,2007-07-01 00:00:00,None,None,<memory at 0x7faf80633700>,roadster_black_small.gif,ae638923-2b67-4679-b90e-abbab17dca31,2008-03-11 10:01:36.827000
